PhotoID,CellID,Cgroup,Agroup,Dgroup,C11-1,C11-2,C101,C103,C104,C105,C106,C108,C109,C110,C111,C112,C113,C114,C115,C107,D105,D106,D104,D107,D109,D108,D110,D111,D112,A101,A102,A103,A104,A120,A121,A122,A123
2,0,medium,iso,A1,853,347,1.20E+03,35.4,29.1,31.1,30.5,18.8,11.3,19.5,32.7,16.3,38.5,1.17,1.22,21.9,N/A,0.714,25.3,0.714,N/A,9.85,9.85,N/A,0.293,0.256,0.629,N/A,0.124,118,47.3,3,0.537
2,1,no,B,A,822,N/A,822,34.4,29.3,N/A,N/A,N/A,N/A,N/A,N/A,N/A,N/A,N/A,1.17,N/A,0.614,N/A,21.1,0.614,N/A,N/A,N/A,N/A,N/A,0.127,N/A,N/A,N/A,64.4,26.3,2,0.375
2,2,large,F,C,791,503,1.29E+03,34.1,29.3,36.5,46.9,24.4,12,27.3,29.3,16.1,37.4,1.04,1.17,25.5,N/A,0.54,N/A,N/A,11.4,16.4,N/A,N/A,0.516,0.165,0.528,0.000242,N/A,119,46.8,4,0.832
2,3,medium,iso,B,731,354,1.09E+03,34,26,28.3,58,20.2,10.8,26.2,23.5,14.8,30.9,1.07,1.31,21.6,N/A,0.562,23.1,0.679,5.83,14.2,8.6,N/A,0.463,0.266,0.737,N/A,0.181,112,46.3,4,0.519
2,4,medium,iso,C,841,388,1.23E+03,34.5,29.6,24.7,42.6,22.1,12.8,21.1,30.6,15.8,31.2,0.969,1.17,21.4,N/A,0.662,N/A,N/A,14.9,9.49,N/A,N/A,0.29,0.264,0.914,N/A,0.159,110,47.4,3,0.415
2,5,medium,iso,B,889,391,1.28E+03,37.3,28.8,56.3,76.7,22.7,12.2,34,13,15,34.9,0.954,1.3,21.6,N/A,0.568,23.3,0.625,4.47,13.5,9.22,N/A,0.423,0.247,0.747,N/A,0.179,112,43.1,4,0.623
2,6,no,A,A,516,N/A,516,27.2,22.8,N/A,N/A,N/A,N/A,N/A,N/A,N/A,N/A,N/A,1.19,N/A,0.522,N/A,14.2,0.522,N/A,N/A,N/A,N/A,N/A,0.26,N/A,N/A,N/A,44.3,20.5,2,0.343
2,7,large,F,C,740,533,1.27E+03,33.1,27.2,33.5,59.2,26.2,12.5,30.3,26,15,35.3,0.972,1.22,25.5,N/A,0.439,N/A,N/A,13.5,15.7,N/A,N/A,0.5,0.156,0.518,0.0508,N/A,111,44.3,5,0.819
2,8,medium,iso,A1,872,222,1.09E+03,35,30,36.9,55.3,17.9,14.4,22,21,15,26.8,0.884,1.17,15.8,N/A,0.425,14.9,0.425,N/A,15.5,15.5,N/A,0.491,0.226,0.526,N/A,0.0746,102,41.4,7,0.644
2,9,medium,E,A1,930,264,1.19E+03,35.9,31.8,8.95,0.346,17.2,13.2,2.81,34.6,16,466,1.07,1.13,18.4,N/A,0.671,24.1,0.671,N/A,10.4,10.4,N/A,0.304,0.237,0.611,N/A,0.0749,122,42.8,7,0.601
2,10,small,api,A1,825,108,933,37.5,27.3,36,62.3,13.3,12.2,17.9,17.5,15.7,20.2,0.753,1.37,10,N/A,0.454,17,0.454,N/A,15.3,15.3,N/A,0.465,0.133,0.427,N/A,0.0287,47.2,22.3,3,0.677
2,11,no,B,A,599,N/A,599,29.1,24.7,N/A,N/A,N/A,N/A,N/A,N/A,N/A,N/A,N/A,1.18,N/A,0.52,N/A,15.1,0.52,N/A,N/A,N/A,N/A,N/A,0.115,N/A,N/A,N/A,51.3,21.1,2,1.03
2,12,small,api,A1,624,148,772,29.3,26.2,36.9,53.5,14.5,11.7,17.7,17.7,12.7,22,0.867,1.12,12.5,N/A,0.663,19.4,0.663,N/A,8.6,8.6,N/A,0.307,0.159,0.585,N/A,0.0972,70.7,32.2,3,0.772
2,13,no,A,A,1.24E+03,N/A,1.24E+03,44,34.8,N/A,N/A,N/A,N/A,N/A,N/A,N/A,N/A,N/A,1.26,N/A,0.568,N/A,25,0.568,N/A,N/A,N/A,N/A,N/A,0.317,N/A,N/A,N/A,85.3,32.4,3,0.236
2,14,large,F,E,956,585,1.54E+03,37.7,31.4,55.1,74.1,26.2,12.8,40.1,16.6,16.6,41.7,1.06,1.2,27.8,N/A,N/A,N/A,N/A,N/A,N/A,N/A,N/A,N/A,0.109,0.363,0.0534,N/A,88.4,29.2,4,0.804
2,15,medium,iso,A1,897,270,1.17E+03,35.1,31.1,51.3,61.2,20.6,12.5,27.2,18.9,15.6,31.1,0.875,1.13,18,N/A,0.657,23.1,0.657,N/A,9.22,9.22,N/A,0.284,0.366,0.485,N/A,0.0781,66.4,25.7,3,0.248
2,16,no,B,A,737,N/A,737,32.7,27.3,N/A,N/A,N/A,N/A,N/A,N/A,N/A,N/A,N/A,1.2,N/A,0.662,N/A,21.6,0.662,N/A,N/A,N/A,N/A,N/A,0.168,N/A,N/A,N/A,61.5,25,2,0.484
3,17,medium,E,A1,809,247,1.06E+03,35.1,28.1,21.6,40.4,17.9,13.6,16.9,27.9,15.8,26,0.963,1.25,17.2,N/A,0.57,20,0.57,N/A,12.2,12.2,N/A,0.376,0.233,0.679,N/A,0.158,93.8,42.1,3,0.634
3,18,no,B,A,846,N/A,846,34.2,30.1,N/A,N/A,N/A,N/A,N/A,N/A,N/A,N/A,N/A,1.14,N/A,0.574,N/A,19.6,0.574,N/A,N/A,N/A,N/A,N/A,0.175,N/A,N/A,N/A,14.1,7.07,1,0.169
3,19,no,A,A,663,N/A,663,29.2,26.9,N/A,N/A,N/A,N/A,N/A,N/A,N/A,N/A,N/A,1.08,N/A,0.59,N/A,17.2,0.59,N/A,N/A,N/A,N/A,N/A,0.342,N/A,N/A,N/A,53.4,23.3,1,0.132
3,20,medium,api,A1,907,316,1.22E+03,36.1,31.1,24.9,24.3,18.6,13,14.7,34,17,35.7,1.11,1.16,20.6,N/A,0.693,25,0.693,N/A,11.3,11.3,N/A,0.331,0.155,0.778,N/A,0.253,131,47,5,1.28
3,21,large,iso,C,770,416,1.19E+03,32.2,29.3,61.8,64.4,22.7,12.4,32.2,16.6,13.9,35.7,0.976,1.1,22.1,N/A,0.505,N/A,N/A,9.49,13,N/A,N/A,0.434,0.327,0.822,N/A,0.246,119,43.7,4,0.487
3,22,medium,F,A1,700,331,1.03E+03,31.1,26.2,30.1,36.6,19.7,11.4,18.9,27.4,13.4,31.6,1.03,1.19,20.2,N/A,0.679,21.1,0.679,N/A,9.9,9.9,N/A,0.34,0.351,0.641,N/A,0.072,95.2,41.3,4,0.345
3,23,no,A,A,672,N/A,672,30.8,26.7,N/A,N/A,N/A,N/A,N/A,N/A,N/A,N/A,N/A,1.15,N/A,0.535,N/A,16.5,0.535,N/A,N/A,N/A,N/A,N/A,0.345,N/A,N/A,N/A,62.6,22.1,2,0.397
3,24,large,F,C,984,595,1.58E+03,38.2,31.1,62.2,77.9,25.7,13,41.8,12.6,16.2,42.8,1.1,1.23,28.2,N/A,0.341,N/A,N/A,17,20,N/A,N/A,0.62,0.101,0.463,N/A,0.0235,120,48.8,3,0.919
3,25,medium,iso,A1,762,242,1.00E+03,33.2,27.2,26.4,35,17.1,13,16.5,27.9,14.9,28.7,0.991,1.22,17,N/A,0.632,21,0.632,N/A,10.2,10.2,N/A,0.328,0.211,0.811,N/A,0.184,96.7,35,5,0.792
3,26,medium,E,A1,878,388,1.27E+03,36.8,29,45,67.8,22.6,13.4,30.4,18,16,32.8,0.912,1.27,20.6,N/A,0.702,25.8,0.702,N/A,8.25,8.25,N/A,0.248,0.297,0.726,N/A,0.0632,117,37.7,3,0.465
3,27,no,B,A,788,N/A,788,33.5,28.3,N/A,N/A,N/A,N/A,N/A,N/A,N/A,N/A,N/A,1.19,N/A,0.594,N/A,19.9,0.594,N/A,N/A,N/A,N/A,N/A,0.235,N/A,N/A,N/A,71.5,26,2,0.584
3,28,no,A,A,730,N/A,730,32.3,26.9,N/A,N/A,N/A,N/A,N/A,N/A,N/A,N/A,N/A,1.2,N/A,0.515,N/A,16.6,0.515,N/A,N/A,N/A,N/A,N/A,0.597,N/A,N/A,N/A,72.2,24.7,2,0.273
3,29,no,B,A,827,N/A,827,34.7,29.4,N/A,N/A,N/A,N/A,N/A,N/A,N/A,N/A,N/A,1.18,N/A,0.537,N/A,18.6,0.537,N/A,N/A,N/A,N/A,N/A,0.207,N/A,N/A,N/A,73,26.9,2,0.567
3,30,small,api,A1,710,75,785,32.4,26.1,27,35.8,11.5,10.4,11.6,19.7,14.8,19.9,0.741,1.24,8.54,N/A,0.641,20.8,0.641,N/A,10.8,10.8,N/A,0.35,0.12,0.479,N/A,0.00852,56.2,25.7,4,1.14
3,31,no,B,A,679,N/A,679,31.8,25.1,N/A,N/A,N/A,N/A,N/A,N/A,N/A,N/A,N/A,1.27,N/A,0.567,N/A,18,0.567,N/A,N/A,N/A,N/A,N/A,0.0943,N/A,N/A,N/A,66.1,24.2,3,1.64
3,32,no,B,A,975,N/A,975,35.4,33.1,N/A,N/A,N/A,N/A,N/A,N/A,N/A,N/A,N/A,1.07,N/A,0.528,N/A,18.7,0.528,N/A,N/A,N/A,N/A,N/A,0.131,N/A,N/A,N/A,71.7,29.5,5,0.906
3,33,large,E,B,723,367,1.09E+03,33,27,19.7,43.3,19.5,11.3,20.6,30.3,14.9,30.1,1.16,1.22,22.6,N/A,0.546,22.2,0.673,7.81,13.9,8.54,N/A,0.443,0.299,0.669,N/A,0.115,120,47.5,6,0.561
3,34,small,api,A1,775,78,853,33.1,28.2,26.8,40.7,12.3,12.2,11.3,19.3,14.9,17.3,0.698,1.18,8.6,N/A,0.543,18,0.543,N/A,12.4,12.4,N/A,0.403,0.165,0.241,0.0464,N/A,72.8,30.5,5,0.986
3,35,no,B,A,683,N/A,683,32.2,25.5,N/A,N/A,N/A,N/A,N/A,N/A,N/A,N/A,N/A,1.26,N/A,0.556,N/A,17.9,0.556,N/A,N/A,N/A,N/A,N/A,0.225,N/A,N/A,N/A,69.2,25,2,0.636
3,36,small,api,A1,982,57,1.04E+03,37.3,32.2,43.6,59,N/A,14.2,17.7,15,16.4,20.6,N/A,1.16,6.4,N/A,0.625,23.3,0.625,N/A,15,15,N/A,0.422,0.142,0.257,0.0793,N/A,86,33.6,3,0.959
3,37,no,B,A,699,N/A,699,31.8,25.7,N/A,N/A,N/A,N/A,N/A,N/A,N/A,N/A,N/A,1.24,N/A,0.55,N/A,17.5,0.55,N/A,N/A,N/A,N/A,N/A,0.102,N/A,N/A,N/A,59.1,22.8,1,0.831
4,38,no,B,A,723,N/A,723,32.3,26,N/A,N/A,N/A,N/A,N/A,N/A,N/A,N/A,N/A,1.24,N/A,0.568,N/A,18.4,0.568,N/A,N/A,N/A,N/A,N/A,0.151,N/A,N/A,N/A,63.9,23.3,2,1.04
4,39,small,api,A1,804,148,952,33.6,29.2,66.4,66.4,13.2,11.4,24.8,11.3,14.4,27,1.03,1.15,13.6,N/A,0.547,18.4,0.547,N/A,10.8,10.8,N/A,0.366,0.146,0.727,N/A,0.121,78.8,31.7,5,0.95
4,40,medium,iso,A1,986,359,1.35E+03,38.1,32,51.5,53.5,21.3,13.9,29.1,22.9,15.7,36.2,0.97,1.19,20.6,N/A,0.6,22.8,0.6,N/A,10.8,10.8,N/A,0.317,0.268,0.792,N/A,0.15,129,45.5,7,0.546
4,41,no,A,A,690,N/A,690,31.8,25.5,N/A,N/A,N/A,N/A,N/A,N/A,N/A,N/A,N/A,1.25,N/A,0.611,N/A,19.4,0.611,N/A,N/A,N/A,N/A,N/A,0.255,N/A,N/A,N/A,74.2,24.3,3,0.591
4,42,small,api,A1,692,67,759,32.6,25.3,40.9,44.3,12.5,12.7,14.1,16.1,13.9,20.2,0.578,1.29,7.21,N/A,0.556,18.1,0.556,N/A,11.7,11.7,N/A,0.405,0.124,0.34,0.0091,N/A,67.1,27.2,3,1.02
4,43,small,api,A1,1.13E+03,177,1.31E+03,41.3,34.1,58.6,70.8,18,11.4,27.6,13.5,18,29.2,0.74,1.21,13.3,N/A,0.548,22.7,0.548,N/A,12.4,12.4,N/A,0.337,0.189,0.617,N/A,0.0748,97.1,40,5,0.629
4,44,no,B,A,609,N/A,609,29.6,24.5,N/A,N/A,N/A,N/A,N/A,N/A,N/A,N/A,N/A,1.21,N/A,0.642,N/A,19,0.642,N/A,N/A,N/A,N/A,N/A,0.159,N/A,N/A,N/A,56.9,22.6,2,0.649
4,45,no,B,A,635,N/A,635,31.8,23.5,N/A,N/A,N/A,N/A,N/A,N/A,N/A,N/A,N/A,1.35,N/A,0.55,N/A,17.5,0.55,N/A,N/A,N/A,N/A,N/A,0.208,N/A,N/A,N/A,57.9,19,3,0.667
4,46,no,B,A,670,N/A,670,31.4,26,N/A,N/A,N/A,N/A,N/A,N/A,N/A,N/A,N/A,1.21,N/A,0.525,N/A,16.5,0.525,N/A,N/A,N/A,N/A,N/A,0.139,N/A,N/A,N/A,76.3,24.3,6,1.39
4,47,no,B,D,999,N/A,999,37,33,N/A,N/A,N/A,N/A,N/A,N/A,N/A,N/A,N/A,1.12,N/A,N/A,N/A,N/A,N/A,N/A,N/A,N/A,N/A,N/A,0.208,N/A,N/A,N/A,83.4,29,3,0.837
4,48,medium,E,A1,790,270,1.06E+03,32.6,29.8,51.1,58.5,18,11.4,28.2,19,15.3,33.1,1.05,1.09,19,N/A,0.655,21.4,0.655,N/A,11.7,11.7,N/A,0.388,0.221,0.654,N/A,0.139,111,42.3,7,0.731
4,49,no,A,A,825,N/A,825,35.8,28.2,N/A,N/A,N/A,N/A,N/A,N/A,N/A,N/A,N/A,1.27,N/A,0.503,N/A,18,0.503,N/A,N/A,N/A,N/A,N/A,0.268,N/A,N/A,N/A,71.4,25.6,4,0.756
4,50,large,iso,C,672,443,1.12E+03,31.1,25.2,25,42.8,21.8,12.4,22.6,30.5,13.9,33.3,1.13,1.23,24.7,N/A,0.336,N/A,N/A,13.9,19.7,N/A,N/A,0.684,0.132,0.558,N/A,0.0387,122,45.9,2,1.44
4,51,small,api,A1,744,81,825,34.5,26.4,32.2,43.6,13.2,13.6,13.9,17.9,14,20.2,0.623,1.31,8.25,N/A,0.675,23.3,0.675,N/A,8.54,8.54,N/A,0.282,0.198,0.362,0.0165,N/A,80.6,27.6,3,0.908
4,52,medium,iso,A1,881,239,1.12E+03,36.1,29.7,50.3,74.4,18.2,13,27.8,14.1,15.1,28.9,0.916,1.22,16.6,N/A,0.571,20.6,0.571,N/A,13.3,13.3,N/A,0.427,0.17,0.616,N/A,0.154,101,39.4,4,0.8
4,53,no,B,A,620,N/A,620,30.9,24.2,N/A,N/A,N/A,N/A,N/A,N/A,N/A,N/A,N/A,1.28,N/A,0.609,N/A,18.8,0.609,N/A,N/A,N/A,N/A,N/A,0.206,N/A,N/A,N/A,49.3,22.2,2,0.727
4,54,no,A,A,629,N/A,629,31.1,24.4,N/A,N/A,N/A,N/A,N/A,N/A,N/A,N/A,N/A,1.27,N/A,0.592,N/A,18.4,0.592,N/A,N/A,N/A,N/A,N/A,0.571,N/A,N/A,N/A,54.3,19.2,2,0.231
4,55,large,E,A1,840,617,1.46E+03,34,30,63.4,57.4,25.9,9.22,37.9,21,15.2,45,1.12,1.13,29.2,N/A,0.382,13,0.382,N/A,17.2,17.2,N/A,0.542,0.121,0.379,0.14,N/A,144,52.5,5,1.65
4,56,no,B,A,788,N/A,788,32.9,28.5,N/A,N/A,N/A,N/A,N/A,N/A,N/A,N/A,N/A,1.16,N/A,0.616,N/A,20.2,0.616,N/A,N/A,N/A,N/A,N/A,0.146,N/A,N/A,N/A,58.3,23.5,2,1.22
4,57,large,E,A1,894,513,1.41E+03,36.2,29.8,38.2,64,23.9,13,34.3,23.9,16,38.1,1.1,1.21,26.4,N/A,0.62,22.5,0.62,N/A,11,11,N/A,0.337,0.278,0.552,N/A,0.0377,133,51.3,8,0.542
4,58,no,B,A,867,N/A,867,34.5,30.1,N/A,N/A,N/A,N/A,N/A,N/A,N/A,N/A,N/A,1.15,N/A,0.66,N/A,22.8,0.66,N/A,N/A,N/A,N/A,N/A,0.203,N/A,N/A,N/A,73.5,27.7,3,0.398
4,59,medium,iso,A1,817,330,1.15E+03,33.6,30,43.1,54.1,20.7,11.7,27,22.4,15.1,33.3,0.964,1.12,19.9,N/A,0.626,21,0.626,N/A,10,10,N/A,0.323,0.233,0.858,N/A,0.139,113,41.8,6,0.76
6,60,no,B,A,741,N/A,741,32.1,28.1,N/A,N/A,N/A,N/A,N/A,N/A,N/A,N/A,N/A,1.14,N/A,0.508,N/A,16.3,0.508,N/A,N/A,N/A,N/A,N/A,0.231,N/A,N/A,N/A,35.9,17,2,0.427
6,61,no,B,A,696,N/A,696,31.1,27.2,N/A,N/A,N/A,N/A,N/A,N/A,N/A,N/A,N/A,1.14,N/A,0.645,N/A,20,0.645,N/A,N/A,N/A,N/A,N/A,0.112,N/A,N/A,N/A,60.4,25,3,0.974
6,62,no,B,A,563,N/A,563,28.9,23.8,N/A,N/A,N/A,N/A,N/A,N/A,N/A,N/A,N/A,1.21,N/A,0.559,N/A,16.1,0.559,N/A,N/A,N/A,N/A,N/A,0.124,N/A,N/A,N/A,37.7,18.9,1,0.957
6,63,medium,iso,A1,772,224,996,33.8,28,38.8,52.5,16,10,23.5,23.5,15.8,29.7,1.06,1.21,17,N/A,0.651,22,0.651,N/A,11.2,11.2,N/A,0.347,0.159,0.943,N/A,0.201,99.8,42.4,6,0.753
6,64,no,B,A,1.09E+03,N/A,1.09E+03,40.3,33,N/A,N/A,N/A,N/A,N/A,N/A,N/A,N/A,N/A,1.22,N/A,0.58,N/A,23.3,0.58,N/A,N/A,N/A,N/A,N/A,0.197,N/A,N/A,N/A,71.1,26.7,2,0.312
6,65,no,A,A,745,N/A,745,33.1,27.1,N/A,N/A,N/A,N/A,N/A,N/A,N/A,N/A,N/A,1.22,N/A,0.665,N/A,22,0.665,N/A,N/A,N/A,N/A,N/A,0.317,N/A,N/A,N/A,61.1,22.8,2,0.415
6,66,medium,iso,A1,995,291,1.29E+03,39.2,31,54.9,64.4,21.2,13.5,29.1,17.2,15.8,32.2,0.869,1.26,18.4,N/A,0.621,24.4,0.621,N/A,13.5,13.5,N/A,0.4,0.242,0.624,N/A,0.0822,97.4,42.6,5,0.264
6,67,large,F,C,710,456,1.17E+03,33,26,26.6,46.7,21.9,10.6,26.5,31.5,15.7,36.4,1.16,1.27,25.5,N/A,0.422,N/A,N/A,14.1,21.6,N/A,N/A,0.681,0.0755,0.659,N/A,0.0238,116,43.3,4,1.73
6,68,medium,E,B,834,402,1.24E+03,35,30,23.2,31,21.4,11.7,18,34,15.2,35,1.09,1.17,23.3,N/A,0.546,25.1,0.717,6.4,15.3,8.06,N/A,0.459,0.451,0.532,N/A,0.000407,119,48.9,1,0.244
6,69,no,A,A,705,N/A,705,32.1,26.1,N/A,N/A,N/A,N/A,N/A,N/A,N/A,N/A,N/A,1.23,N/A,0.508,N/A,16.3,0.508,N/A,N/A,N/A,N/A,N/A,0.267,N/A,N/A,N/A,65.7,24.3,3,0.569
6,70,large,iso,C,952,510,1.46E+03,38.1,31.1,62.2,73.2,25.6,14.3,35.5,15,14.3,37.1,0.92,1.22,23.5,N/A,0.469,N/A,N/A,16.5,24.7,N/A,N/A,0.761,0.239,0.951,N/A,0.263,97.5,35.6,4,0.542
6,71,large,iso,B,808,425,1.23E+03,34,28.3,9.78,18.4,23.3,13,9.8,36.6,16.6,31.1,0.942,1.2,21.9,N/A,0.565,24.8,0.729,6.08,14.9,8.54,N/A,0.447,0.288,0.901,N/A,0.191,104,37.1,4,0.53
6,72,no,B,A,601,N/A,601,29.4,23.6,N/A,N/A,N/A,N/A,N/A,N/A,N/A,N/A,N/A,1.25,N/A,0.51,N/A,15,0.51,N/A,N/A,N/A,N/A,N/A,0.14,N/A,N/A,N/A,45.3,20.6,3,0.81
6,73,no,A,A,587,N/A,587,31,22.5,N/A,N/A,N/A,N/A,N/A,N/A,N/A,N/A,N/A,1.38,N/A,0.563,N/A,17.5,0.563,N/A,N/A,N/A,N/A,N/A,0.378,N/A,N/A,N/A,50.8,18.4,3,0.532
6,74,no,B,A,828,N/A,828,35,29,N/A,N/A,N/A,N/A,N/A,N/A,N/A,N/A,N/A,1.21,N/A,0.569,N/A,19.9,0.569,N/A,N/A,N/A,N/A,N/A,0.193,N/A,N/A,N/A,66.6,26.8,4,0.488
6,75,no,B,A,663,N/A,663,32,26,N/A,N/A,N/A,N/A,N/A,N/A,N/A,N/A,N/A,1.23,N/A,0.535,N/A,17.1,0.535,N/A,N/A,N/A,N/A,N/A,0.149,N/A,N/A,N/A,58.3,21.9,2,0.758
6,76,large,iso,B,739,383,1.12E+03,33.1,26.1,50.6,62.3,21.7,12.1,29.9,19.3,13.6,33.8,1.01,1.27,21.9,N/A,0.706,23.5,0.712,1,8.25,7.28,N/A,0.28,0.25,0.879,N/A,0.189,84.7,35.5,3,0.473
6,77,no,B,A,499,N/A,499,28.1,21.1,N/A,N/A,N/A,N/A,N/A,N/A,N/A,N/A,N/A,1.33,N/A,0.615,N/A,17.3,0.615,N/A,N/A,N/A,N/A,N/A,0.0822,N/A,N/A,N/A,29.8,13.9,1,1.07
6,78,large,iso,B,882,473,1.36E+03,36.2,30.1,46.1,66.6,24.2,13,33.5,20.3,15.6,36.5,0.999,1.2,24.2,N/A,0.695,25.3,0.699,3.16,7.07,6.4,N/A,0.216,0.21,0.944,N/A,0.256,120,48.4,4,0.463
6,79,medium,api,A1,804,381,1.19E+03,34.7,28.3,27.6,32.6,21.5,13.3,19.3,32.3,14.9,35.9,1.01,1.23,21.8,N/A,0.673,23.3,0.673,N/A,9.22,9.22,N/A,0.286,0.249,0.973,N/A,0.29,121,44.6,3,0.519
6,80,large,F,C,920,533,1.45E+03,38.6,30,23.8,44.2,25.5,12.4,25.4,34.8,17.1,36.5,1.04,1.29,26.7,N/A,0.422,N/A,N/A,12,21,N/A,N/A,0.586,0.121,0.409,0.0154,N/A,120,53.6,6,0.915
6,81,large,F,C,779,583,1.36E+03,33.1,28.7,13.1,13.8,26.3,13.3,10.4,40.9,15.5,43.6,1.02,1.16,26.9,N/A,0.461,N/A,N/A,10,17.5,N/A,N/A,0.539,0.242,0.573,N/A,0.0279,102,40.1,5,0.579
6,82,no,A,A,667,N/A,667,31.1,27,N/A,N/A,N/A,N/A,N/A,N/A,N/A,N/A,N/A,1.15,N/A,0.57,N/A,17.7,0.57,N/A,N/A,N/A,N/A,N/A,0.304,N/A,N/A,N/A,50.5,20.2,2,0.527
6,83,complex,-,-,N/A,N/A,N/A,N/A,N/A,N/A,N/A,N/A,N/A,N/A,N/A,N/A,N/A,N/A,N/A,N/A,N/A,N/A,N/A,N/A,N/A,N/A,N/A,N/A,N/A,N/A,N/A,N/A,N/A,N/A,N/A,N/A,N/A
8,84,small,api,A1,1.01E+03,81,1.09E+03,37.7,32.6,54.5,71.2,N/A,15.3,19.7,11.7,15.7,20.8,N/A,1.16,7.07,N/A,0.572,21.5,0.572,N/A,11.2,11.2,N/A,0.327,0.0879,0.448,N/A,0.00632,49.6,22,3,0.917
8,85,small,api,A1,1.22E+03,165,1.39E+03,42.1,35.1,86.5,81.8,15.6,12,32.6,1.28,19.2,32.9,0.898,1.2,14,N/A,0.387,16.3,0.387,N/A,16.1,16.1,N/A,0.443,0.166,0.591,N/A,0.105,42.9,13.7,1,0.4
8,86,medium,iso,B,763,325,1.09E+03,34,27.3,31.7,46.4,19.3,11.7,23.3,28.2,15.8,32.1,1.1,1.25,21.2,N/A,0.645,22.4,0.657,2.24,12.1,11.2,N/A,0.385,0.266,0.692,N/A,0.133,78.8,36.1,2,0.419
8,87,large,E,C,836,560,1.40E+03,35,28.6,32,45.3,24.7,13.2,27.8,33.5,16,39.1,1.1,1.22,27.3,N/A,0.446,N/A,N/A,13.9,20,N/A,N/A,0.611,0.126,0.455,0.00401,N/A,67.9,27.7,4,0.46
8,88,small,api,A1,1.14E+03,204,1.34E+03,39.8,34.9,40.4,51.8,16.8,13.9,23.6,22.3,17.7,30.1,0.932,1.14,15.7,N/A,0.652,26,0.652,N/A,10.4,10.4,N/A,0.28,0.164,0.686,N/A,0.116,104,46.2,6,0.532
8,89,small,api,A1,869,86,955,34.2,30.1,17,37.4,10.3,6.4,10.5,22.9,16.4,17.3,0.916,1.14,9.43,N/A,0.667,22.8,0.667,N/A,12.2,12.2,N/A,0.355,0.205,0.418,N/A,0.0518,34.8,17.2,1,0.367
8,90,medium,iso,A1,823,285,1.11E+03,34.8,28.4,25.3,32.8,18.7,11,16.5,29.3,15.5,30.4,0.967,1.23,18.1,N/A,0.655,22.8,0.655,N/A,9.85,9.85,N/A,0.294,0.213,0.708,N/A,0.11,107,46,4,0.403
8,91,large,E,C,1.04E+03,798,1.84E+03,40,32,42.1,66.4,31.7,15.2,39.8,23.8,17,43.4,0.978,1.25,31,N/A,0.213,N/A,N/A,22.1,28.8,N/A,N/A,0.832,0.1,0.359,0.0391,N/A,34.7,16.5,2,0.255
8,92,no,B,A,795,N/A,795,33.2,28.2,N/A,N/A,N/A,N/A,N/A,N/A,N/A,N/A,N/A,1.18,N/A,0.541,N/A,18,0.541,N/A,N/A,N/A,N/A,N/A,0.0516,N/A,N/A,N/A,12.2,6.08,1,0.61
8,93,large,E,C,972,642,1.61E+03,36.7,31.6,47.2,58.9,27.1,13.5,36,25.6,15.8,42.1,1.05,1.16,28.3,N/A,0.405,N/A,N/A,14.9,20.2,N/A,N/A,0.587,0.16,0.612,0.00199,N/A,92.1,37.2,3,0.426
8,94,medium,iso,C,1.14E+03,505,1.65E+03,39.8,35.4,79.6,84.2,24.4,16.3,40.3,4.57,16.1,40.5,1.01,1.12,24.5,N/A,0.529,N/A,N/A,16,24.3,N/A,N/A,0.705,0.193,0.83,N/A,0.0364,124,51,5,0.44
8,95,large,E,C,937,592,1.53E+03,37.5,30.5,35.8,46,27,14,28.3,32.8,16.1,39.3,1,1.23,27.1,N/A,0.246,N/A,N/A,14,24.7,N/A,N/A,0.727,0.116,0.65,N/A,0.0365,134,55.4,6,0.864
9,96,small,api,A1,871,163,1.03E+03,34,30.4,47.3,60.4,15.8,12.6,23.4,18.2,16,26.9,0.846,1.12,13.3,N/A,0.648,22,0.648,N/A,11,11,N/A,0.341,0.173,0.676,N/A,0.165,39.9,15.3,1,0.391
9,97,medium,api,A1,1.10E+03,470,1.57E+03,39.4,33.5,56,59,25.2,10.8,35.4,23.3,17,41.3,0.979,1.17,24.7,N/A,0.648,25.5,0.648,N/A,14.1,14.1,N/A,0.389,0.268,0.86,N/A,0.225,46.5,18,1,0.238
9,98,medium,api,A1,1.07E+03,422,1.49E+03,38.1,34.1,69.4,69.1,23.6,15.7,36.7,14.9,15.7,39.3,0.986,1.12,23.3,N/A,0.606,23.1,0.606,N/A,11.4,11.4,N/A,0.337,0.341,0.503,N/A,0.205,36.1,17.1,1,0.116
9,99,large,iso,C,839,581,1.42E+03,35.2,28.6,35.5,51.7,28.3,12.6,30.7,29.1,16,39.1,0.961,1.23,27.2,N/A,0.483,N/A,N/A,16.8,23.5,N/A,N/A,0.719,0.343,0.793,N/A,0.191,79.2,28.7,3,0.312
9,100,no,A,A,710,N/A,710,33.3,26.2,N/A,N/A,N/A,N/A,N/A,N/A,N/A,N/A,N/A,1.27,N/A,0.601,N/A,20,0.601,N/A,N/A,N/A,N/A,N/A,0.528,N/A,N/A,N/A,0,0,0,0.032
9,101,no,B,A,958,N/A,958,35.4,32.4,N/A,N/A,N/A,N/A,N/A,N/A,N/A,N/A,N/A,1.09,N/A,0.558,N/A,19.7,0.558,N/A,N/A,N/A,N/A,N/A,0.207,N/A,N/A,N/A,0,0,0,0.126
9,102,no,B,A,573,N/A,573,29.5,22.8,N/A,N/A,N/A,N/A,N/A,N/A,N/A,N/A,N/A,1.29,N/A,0.623,N/A,18.4,0.623,N/A,N/A,N/A,N/A,N/A,0.12,N/A,N/A,N/A,49.6,19.7,4,1.45
9,103,no,B,A,807,N/A,807,35.1,29.2,N/A,N/A,N/A,N/A,N/A,N/A,N/A,N/A,N/A,1.2,N/A,0.513,N/A,18,0.513,N/A,N/A,N/A,N/A,N/A,0.0818,N/A,N/A,N/A,15.4,7.62,1,0.424
9,104,large,iso,B,813,407,1.22E+03,33.8,28.5,26.9,39.6,23.4,13.9,20.7,30.7,16.3,32.5,0.901,1.19,21.1,N/A,0.582,21.5,0.635,3.16,12.7,10.6,N/A,0.39,0.256,0.92,N/A,0.176,51.7,17,2,0.526
9,105,large,iso,C,837,484,1.32E+03,34.2,29.2,33.3,36.5,25.9,12.2,23,32.3,15.7,38.6,0.935,1.17,24.2,N/A,0.315,N/A,N/A,16.6,22.8,N/A,N/A,0.69,0.45,0.624,N/A,0.0924,34.4,17.2,1,0.0655
9,106,small,api,A1,1.15E+03,286,1.44E+03,41.1,34,42.5,61.5,20.1,13.3,28.5,23.6,18.1,32.4,0.917,1.21,18.4,N/A,0.637,26.2,0.637,N/A,13,13,N/A,0.345,0.218,0.696,N/A,0.0876,51.6,20.4,2,0.415
9,107,no,B,A,775,N/A,775,32.2,27.8,N/A,N/A,N/A,N/A,N/A,N/A,N/A,N/A,N/A,1.16,N/A,0.533,N/A,17.2,0.533,N/A,N/A,N/A,N/A,N/A,0.106,N/A,N/A,N/A,34.4,16.3,2,0.768
9,108,small,api,A1,1.24E+03,171,1.41E+03,42.1,37.1,74.6,81.8,16.1,14,31.1,6.03,17.3,31.5,0.874,1.13,14,N/A,0.629,26.5,0.629,N/A,14.1,14.1,N/A,0.398,0.19,0.463,N/A,0.0902,50.3,24.6,2,0.284
9,109,large,F,C,746,468,1.21E+03,34.1,26.1,28.2,41.7,27.3,12.7,22.9,30.8,15.3,34.4,0.856,1.31,23.3,N/A,0.371,N/A,N/A,16.4,22.8,N/A,N/A,0.706,0.166,0.614,N/A,0.0861,101,46,1,0.421
9,110,large,F,C,954,735,1.69E+03,38.3,30.8,28,40,29.2,13.6,28,39.5,17.5,43.6,1.06,1.24,30.9,N/A,0.575,N/A,N/A,14.3,22.2,N/A,N/A,0.636,0.213,0.465,0.0177,N/A,74.8,26.9,2,0.251
9,111,no,B,A,922,N/A,922,35.2,30.1,N/A,N/A,N/A,N/A,N/A,N/A,N/A,N/A,N/A,1.17,N/A,0.613,N/A,21.6,0.613,N/A,N/A,N/A,N/A,N/A,0.155,N/A,N/A,N/A,8,4,1,0.21
10,112,small,api,A1,822,109,931,35,28,50.4,53.1,13.3,11,19,14.8,14,23.8,0.75,1.25,10,N/A,0.629,22,0.629,N/A,11.2,11.2,N/A,0.354,0.132,0.504,N/A,0.00468,60.7,25.5,4,0.724
10,113,medium,iso,A1,935,239,1.17E+03,38.5,29.1,36.3,54.8,18.3,13.2,22.9,22.8,16.1,28,0.888,1.32,16.3,N/A,0.629,24.2,0.629,N/A,9.22,9.22,N/A,0.268,0.182,0.841,N/A,0.163,65.6,24.4,4,0.64
10,114,small,api,A1,776,170,946,34.2,27.9,24.4,37.7,15.4,9.85,14.5,24.3,15,23.8,0.883,1.23,13.6,N/A,0.632,21.6,0.632,N/A,10,10,N/A,0.311,0.249,0.458,N/A,0.0642,87.7,38.5,3,0.475
10,115,no,B,A,1.07E+03,N/A,1.07E+03,39.8,33.6,N/A,N/A,N/A,N/A,N/A,N/A,N/A,N/A,N/A,1.18,N/A,0.686,N/A,27.3,0.686,N/A,N/A,N/A,N/A,N/A,0.0757,N/A,N/A,N/A,52.6,24.4,3,0.79
10,116,large,F,C,957,649,1.61E+03,36.2,33.1,33.7,36.1,27.7,14.1,25.5,35.9,16.1,43.3,1.02,1.09,28.3,N/A,0.455,N/A,N/A,13.3,16.3,N/A,N/A,0.476,0.115,0.353,0.015,N/A,122,47,7,0.717
10,117,large,E,C,876,520,1.40E+03,36.7,28.6,65.9,75.5,23.9,13.5,38.5,13.3,14.2,39.8,1.1,1.28,26.2,N/A,0.388,N/A,N/A,18.4,22.5,N/A,N/A,0.733,0.301,0.61,N/A,0.118,134,49.7,3,0.331
10,118,small,api,A1,1.05E+03,179,1.23E+03,40.5,32,44.3,62.6,17.2,13.9,23.6,19.2,17,26.5,0.756,1.26,13,N/A,0.575,23.3,0.575,N/A,12.2,12.2,N/A,0.335,0.154,0.642,N/A,0.0337,63.1,25.9,4,0.563
10,119,no,A,A,925,N/A,925,38.6,29.1,N/A,N/A,N/A,N/A,N/A,N/A,N/A,N/A,N/A,1.33,N/A,0.65,N/A,25.1,0.65,N/A,N/A,N/A,N/A,N/A,0.338,N/A,N/A,N/A,59.7,23.3,3,0.131
10,120,small,api,A1,999,58,1.06E+03,36.7,33.5,67,82.6,N/A,14.3,20.9,7.6,16,21.1,N/A,1.09,6.32,N/A,0.503,18.4,0.503,N/A,12.2,12.2,N/A,0.363,0.132,0.229,0.0669,N/A,22.1,7.83,2,0.321
10,121,large,F,C,1.20E+03,704,1.91E+03,41.7,35.8,26.6,46.2,28.9,15.5,29.9,37,18.9,41.4,1.03,1.16,29.8,N/A,0.245,N/A,N/A,17.5,30,N/A,N/A,0.767,0.0829,0.544,0.00495,N/A,160,60.7,3,1.5
10,122,small,api,A1,986,215,1.20E+03,38.2,29.7,57.8,75.6,17,12.5,29.3,12.7,15.5,30.2,0.981,1.29,16.6,N/A,0.539,20.6,0.539,N/A,11,11,N/A,0.332,0.169,0.67,N/A,0.0758,48,19.4,5,0.453
10,123,no,B,A,678,N/A,678,32.4,25.3,N/A,N/A,N/A,N/A,N/A,N/A,N/A,N/A,N/A,1.28,N/A,0.552,N/A,17.9,0.552,N/A,N/A,N/A,N/A,N/A,0.236,N/A,N/A,N/A,66,24,6,0.781
10,124,no,A,A,570,N/A,570,29.8,22.6,N/A,N/A,N/A,N/A,N/A,N/A,N/A,N/A,N/A,1.32,N/A,0.618,N/A,18.4,0.618,N/A,N/A,N/A,N/A,N/A,0.54,N/A,N/A,N/A,45.1,17.1,1,0.334
11,125,small,api,A1,968,160,1.13E+03,38.3,31,41.7,65.4,16.5,13,22.1,17.3,16.6,24.3,0.737,1.23,12.2,N/A,0.558,21.4,0.558,N/A,16.6,16.6,N/A,0.477,0.13,0.701,N/A,0.0557,92,31.1,5,1
11,126,no,B,A,914,N/A,914,37.5,29.8,N/A,N/A,N/A,N/A,N/A,N/A,N/A,N/A,N/A,1.26,N/A,0.529,N/A,19.8,0.529,N/A,N/A,N/A,N/A,N/A,0.121,N/A,N/A,N/A,13.2,6.4,1,0.495
11,127,complex,-,-,N/A,N/A,N/A,N/A,N/A,N/A,N/A,N/A,N/A,N/A,N/A,N/A,N/A,N/A,N/A,N/A,N/A,N/A,N/A,N/A,N/A,N/A,N/A,N/A,N/A,N/A,N/A,N/A,N/A,N/A,N/A,N/A,N/A
11,128,no,B,A,770,N/A,770,34,26.9,N/A,N/A,N/A,N/A,N/A,N/A,N/A,N/A,N/A,1.26,N/A,0.514,N/A,17.5,0.514,N/A,N/A,N/A,N/A,N/A,0.0935,N/A,N/A,N/A,73.6,26.6,3,1.9
11,129,no,B,A,782,N/A,782,33.6,27.8,N/A,N/A,N/A,N/A,N/A,N/A,N/A,N/A,N/A,1.21,N/A,0.53,N/A,17.8,0.53,N/A,N/A,N/A,N/A,N/A,0.078,N/A,N/A,N/A,78.9,27.8,1,2.18
11,130,medium,iso,A1,787,344,1.13E+03,34.8,28.5,30.4,46.2,19.5,13,22.8,28.1,14.9,31.5,1.08,1.22,21,N/A,0.491,17.1,0.491,N/A,15.6,15.6,N/A,0.486,0.265,0.743,N/A,0.14,97.8,39.1,3,0.623
11,131,large,iso,C,1.10E+03,587,1.69E+03,38.2,35.4,61.2,64.2,26.3,13.6,38.9,19.7,16.5,43.2,1.04,1.08,27.2,N/A,0.432,N/A,N/A,17.7,25.7,N/A,N/A,0.73,0.271,0.864,N/A,0.158,64.7,24.3,3,0.168
11,132,large,F,A1,783,400,1.18E+03,34,28.3,21.8,37.1,21.1,13.2,19,31.6,15.2,31.5,1.06,1.2,22.4,N/A,0.687,23.3,0.687,N/A,9.22,9.22,N/A,0.29,0.25,0.861,N/A,0.127,115,44.7,5,0.503
11,133,medium,iso,A1,1.10E+03,326,1.43E+03,39.4,33.6,64.9,68.6,21.2,12.2,34.5,14.1,17,37.1,0.954,1.17,20.2,N/A,0.614,24.2,0.614,N/A,13.5,13.5,N/A,0.383,0.202,0.785,N/A,0.167,60.8,25.4,3,0.391
11,134,no,B,A,875,N/A,875,38.1,27.3,N/A,N/A,N/A,N/A,N/A,N/A,N/A,N/A,N/A,1.39,N/A,0.671,N/A,25.6,0.671,N/A,N/A,N/A,N/A,N/A,0.193,N/A,N/A,N/A,51,23.3,2,0.296
11,135,small,api,A1,748,153,901,32,28,42.9,55.8,14.1,11.4,21.1,17.8,14.2,25.5,0.964,1.14,13.6,N/A,0.535,17.1,0.535,N/A,12.2,12.2,N/A,0.407,0.145,0.718,N/A,0.115,82,34.2,4,0.84
12,136,medium,iso,A1,865,307,1.17E+03,35,29.7,32.5,47.1,19.2,11.2,22.6,27.3,15.7,30.9,1.01,1.18,19.4,N/A,0.658,23,0.658,N/A,10.4,10.4,N/A,0.311,0.198,0.871,N/A,0.186,105,40,6,0.608
12,137,medium,iso,A1,934,347,1.28E+03,36.2,31.3,36.1,45,21.5,15,23.1,26.1,16.1,32.6,0.892,1.16,19.2,N/A,0.608,22,0.608,N/A,11.2,11.2,N/A,0.327,0.242,0.781,N/A,0.179,89,37.6,5,0.461
12,138,medium,iso,A1,678,171,849,32,25.6,18.7,39.2,14.1,10.2,13.7,24.8,14.4,21.7,1.02,1.25,14.3,N/A,0.597,19.1,0.597,N/A,10.8,10.8,N/A,0.36,0.165,0.793,N/A,0.16,25,10.2,1,0.436
12,139,large,iso,C,926,514,1.44E+03,35.2,31.1,57.1,69.4,24.6,14.3,36.3,16.2,15.7,38.8,1,1.13,24.7,N/A,0.379,N/A,N/A,9.43,22,N/A,N/A,0.671,0.313,0.913,N/A,0.15,61,21.5,5,0.293
12,140,small,api,A1,775,121,896,37.4,24.7,29.6,60.5,12.5,10.6,18,20.4,16.5,20.7,0.904,1.51,11.3,N/A,0.625,23.3,0.625,N/A,11.4,11.4,N/A,0.325,0.167,0.553,N/A,0.0137,85.8,33.2,2,0.553
12,141,no,B,A,592,N/A,592,28.6,24.5,N/A,N/A,N/A,N/A,N/A,N/A,N/A,N/A,N/A,1.17,N/A,0.519,N/A,14.9,0.519,N/A,N/A,N/A,N/A,N/A,0.0929,N/A,N/A,N/A,45.8,19.6,2,1.09
12,142,no,B,A,838,N/A,838,37,27.5,N/A,N/A,N/A,N/A,N/A,N/A,N/A,N/A,N/A,1.34,N/A,0.59,N/A,21.8,0.59,N/A,N/A,N/A,N/A,N/A,0.198,N/A,N/A,N/A,61.8,23.8,1,0.627
12,143,no,B,A,866,N/A,866,35.5,29.8,N/A,N/A,N/A,N/A,N/A,N/A,N/A,N/A,N/A,1.19,N/A,0.587,N/A,20.8,0.587,N/A,N/A,N/A,N/A,N/A,0.0958,N/A,N/A,N/A,68.7,28.2,2,1.13
13,144,no,A,A,715,N/A,715,32.1,27.2,N/A,N/A,N/A,N/A,N/A,N/A,N/A,N/A,N/A,1.18,N/A,0.551,N/A,17.7,0.551,N/A,N/A,N/A,N/A,N/A,0.253,N/A,N/A,N/A,60.9,21.2,2,0.492
13,145,large,iso,A1,811,423,1.23E+03,34.7,28.9,32.9,51.1,22.8,11.4,25.4,25,14.9,32.6,0.966,1.2,22,N/A,0.729,25.3,0.729,N/A,8.49,8.49,N/A,0.265,0.342,0.822,N/A,0.2,66.9,22.2,3,0.422
13,146,small,E,A1,897,42,939,39.3,27.9,52.1,75.3,N/A,12,15.9,9.72,15.2,16.4,N/A,1.41,4,N/A,0.558,21.9,0.558,N/A,11.2,11.2,N/A,0.335,0.0863,0.457,N/A,0.019,75.2,26.8,2,1.38
13,147,small,api,A1,843,89,932,35.7,28.5,43.4,65.7,14,14.1,18,13.9,13.9,19.7,0.646,1.26,9.06,N/A,0.629,22.5,0.629,N/A,10.4,10.4,N/A,0.33,0.123,0.435,N/A,0.0106,30.6,9.9,2,0.643
13,148,large,E,C,918,512,1.43E+03,36.8,30.4,52.6,61.3,26,13.6,33.9,21.6,15.1,38.7,0.961,1.21,25,N/A,0.341,N/A,N/A,14.3,22,N/A,N/A,0.684,0.227,0.361,0.0248,N/A,97.2,30.7,6,0.515
13,149,no,B,A,756,N/A,756,32.1,29.2,N/A,N/A,N/A,N/A,N/A,N/A,N/A,N/A,N/A,1.1,N/A,0.613,N/A,19.7,0.613,N/A,N/A,N/A,N/A,N/A,0.146,N/A,N/A,N/A,28.7,13.6,1,0.6
13,150,large,E,B,803,488,1.29E+03,35.4,28.2,30.4,51.8,25.1,13.2,26.5,27,13.9,33.7,0.971,1.25,24.3,N/A,0.703,28.3,0.8,7,6.4,3.16,N/A,0.201,0.363,0.166,0.125,N/A,136,49.3,5,0.386
13,151,medium,iso,A1,701,202,903,31.8,26.8,36.9,43.4,15.6,10.4,19,21.9,13.4,27.7,1.01,1.18,15.8,N/A,0.655,20.8,0.655,N/A,8.54,8.54,N/A,0.288,0.2,0.862,N/A,0.191,49.3,17.1,4,0.657
13,152,no,A,A,755,N/A,755,32.3,27.2,N/A,N/A,N/A,N/A,N/A,N/A,N/A,N/A,N/A,1.19,N/A,0.582,N/A,18.8,0.582,N/A,N/A,N/A,N/A,N/A,0.311,N/A,N/A,N/A,68.8,24.6,2,0.413
13,153,small,api,A1,826,104,930,38.1,27.1,28.6,60.4,16.4,13.4,15.1,18.1,15.3,17.3,0.546,1.41,8.94,N/A,0.574,21.8,0.574,N/A,11.4,11.4,N/A,0.339,0.202,0.426,N/A,0.0242,69.4,28.7,3,0.5
13,154,medium,E,A1,697,291,988,33,24.7,28.2,43.1,17.2,12.2,20.9,27.9,14.9,30.6,1.18,1.33,20.2,N/A,0.691,22.8,0.691,N/A,9.43,9.43,N/A,0.304,0.244,0.685,0.158,N/A,84.8,38.1,2,0.618
13,155,no,B,A,855,N/A,855,35.4,29.2,N/A,N/A,N/A,N/A,N/A,N/A,N/A,N/A,N/A,1.21,N/A,0.534,N/A,18.9,0.534,N/A,N/A,N/A,N/A,N/A,0.0667,N/A,N/A,N/A,66.9,25.6,1,1.54
13,156,large,iso,C,903,591,1.49E+03,38.3,29.3,41.7,67.4,26.6,13.6,35,22,14.9,37.9,1.01,1.31,26.9,N/A,0.348,N/A,N/A,18.8,23.3,N/A,N/A,0.701,0.321,0.9,N/A,0.236,88,34.1,2,0.338
13,157,small,api,A1,782,135,917,33.8,28,32.7,48.2,14.4,10.2,17.2,20.7,15,23.1,0.861,1.21,12.4,N/A,0.609,20.6,0.609,N/A,11,11,N/A,0.344,0.219,0.622,N/A,0.124,60.9,21.9,2,0.562
13,158,large,F,B,851,441,1.29E+03,34.9,29.1,36.9,48.1,22.1,12.4,27.1,27.7,15.7,36.5,1.08,1.2,23.8,N/A,0.733,26.6,0.763,4,9,7,N/A,0.272,0.549,0.458,N/A,0.0905,69.6,29,3,0.159
13,159,no,B,A,807,N/A,807,34,29,N/A,N/A,N/A,N/A,N/A,N/A,N/A,N/A,N/A,1.17,N/A,0.559,N/A,19,0.559,N/A,N/A,N/A,N/A,N/A,0.118,N/A,N/A,N/A,27.6,13.6,2,0.558
18,160,small,api,A1,1.10E+03,252,1.35E+03,40.6,32.4,56.5,73.4,17.8,13.2,30.5,13.3,16.6,31.8,0.962,1.25,17.1,N/A,0.569,23.1,0.569,N/A,13,13,N/A,0.361,0.192,0.627,N/A,0.138,29.4,11.2,1,0.296
18,161,medium,iso,A1,845,288,1.13E+03,34.2,30.3,33.1,47,18.2,11.4,22.1,26.1,15.6,30.3,1.02,1.13,18.6,N/A,0.707,24.2,0.707,N/A,10.3,10.3,N/A,0.309,0.162,0.929,N/A,0.155,95.1,44.5,2,0.732
18,162,large,F,C,925,604,1.53E+03,37.7,29.6,62.2,81.4,27.3,15,39.3,11.1,14.6,39.8,0.989,1.27,27,N/A,0.428,N/A,N/A,15.5,19.9,N/A,N/A,0.635,0.139,0.321,0.0326,N/A,112,43.3,3,0.783
18,163,no,B,A,935,N/A,935,36.1,32.1,N/A,N/A,N/A,N/A,N/A,N/A,N/A,N/A,N/A,1.12,N/A,0.5,N/A,18,0.5,N/A,N/A,N/A,N/A,N/A,0.13,N/A,N/A,N/A,48.4,24.2,1,0.967
18,164,no,A,A,758,N/A,758,33.4,27.3,N/A,N/A,N/A,N/A,N/A,N/A,N/A,N/A,N/A,1.22,N/A,0.572,N/A,19.1,0.572,N/A,N/A,N/A,N/A,N/A,0.315,N/A,N/A,N/A,68.1,25,1,0.347
18,165,medium,iso,A1,806,269,1.08E+03,35.4,27.3,38.3,65.5,18.2,13.6,25.2,18.9,14.9,27.7,0.976,1.3,17.7,N/A,0.632,22.4,0.632,N/A,10.3,10.3,N/A,0.326,0.206,0.869,N/A,0.134,108,40.4,4,0.955
18,166,no,B,A,630,N/A,630,32,23.8,N/A,N/A,N/A,N/A,N/A,N/A,N/A,N/A,N/A,1.35,N/A,0.652,N/A,20.9,0.652,N/A,N/A,N/A,N/A,N/A,0.187,N/A,N/A,N/A,57.3,23.3,2,0.881
18,167,medium,iso,A1,877,294,1.17E+03,36.1,30.1,43.9,60,19.1,13.9,26.9,19.9,15.6,31.1,0.985,1.2,18.8,N/A,0.605,21.8,0.605,N/A,9.9,9.9,N/A,0.302,0.286,0.663,N/A,0.0914,57.1,21.6,1,0.454
18,168,large,iso,C,833,593,1.43E+03,33.7,29.6,40.7,56.2,27.2,14.3,31.9,26,14.2,38.3,0.991,1.14,26.9,N/A,0.309,N/A,N/A,19.3,23.4,N/A,N/A,0.75,0.346,0.736,N/A,0.195,114,41.4,5,0.314
18,169,no,B,A,710,N/A,710,32.2,26.4,N/A,N/A,N/A,N/A,N/A,N/A,N/A,N/A,N/A,1.22,N/A,0.559,N/A,18,0.559,N/A,N/A,N/A,N/A,N/A,0.17,N/A,N/A,N/A,66.1,24.8,3,0.909
18,170,large,E,C,804,486,1.29E+03,35.5,28.3,19.1,27.3,25.2,12.1,16.4,37.5,16.6,35.8,0.944,1.25,23.8,N/A,0.282,N/A,N/A,15.5,24.4,N/A,N/A,0.709,0.314,0.432,0.0909,N/A,115,50.3,2,0.365
18,171,medium,E,A1,872,417,1.29E+03,36.2,29.8,41.8,69,24,13.6,30.6,18.4,15.1,32.8,0.924,1.21,22.1,N/A,0.722,26.2,0.722,N/A,8.54,8.54,N/A,0.264,0.258,0.577,N/A,0.064,125,47.2,5,0.523
19,172,medium,iso,C,1.10E+03,507,1.60E+03,39.2,33.1,84,88.7,25.4,16.1,39.1,1.09,15,39.1,0.953,1.18,24.2,N/A,0.592,N/A,N/A,11.4,20.2,N/A,N/A,0.615,0.266,0.805,N/A,0.183,127,50.5,10,0.437
19,173,no,B,A,1.08E+03,N/A,1.08E+03,38.1,34.1,N/A,N/A,N/A,N/A,N/A,N/A,N/A,N/A,N/A,1.12,N/A,0.604,N/A,23,0.604,N/A,N/A,N/A,N/A,N/A,0.0803,N/A,N/A,N/A,60.9,28.7,1,0.678
19,174,large,E,C,889,563,1.45E+03,35.2,30.2,48.7,71,26.3,13.3,36.1,18.2,15.1,38.1,0.986,1.17,26,N/A,0.546,N/A,N/A,12.2,16,N/A,N/A,0.487,0.0985,0.545,0.0237,N/A,70.9,30.8,1,0.42
19,175,small,api,A1,1.15E+03,130,1.28E+03,41,33,60.2,79.1,14.9,13.5,25.7,10.3,16.6,26.2,0.76,1.24,11.3,N/A,0.621,25.5,0.621,N/A,11.4,11.4,N/A,0.316,0.132,0.624,N/A,0.0808,28.5,12.3,3,0.429
19,176,small,api,A1,804,133,937,32.8,28.7,37.1,44.7,12.8,10.4,18,20.8,15.2,25.6,0.963,1.14,12.4,N/A,0.626,20.5,0.626,N/A,10.3,10.3,N/A,0.315,0.231,0.528,N/A,0.0271,61.6,25.6,3,0.523
19,177,large,E,C,709,355,1.06E+03,32.8,26.5,31.7,63.2,21.7,12,25.6,22.1,13.9,28.6,0.952,1.24,20.6,N/A,0.505,N/A,N/A,5.66,16.1,N/A,N/A,0.526,0.323,0.683,N/A,0.202,107,41.7,4,0.453
19,178,large,iso,C,733,455,1.19E+03,33.7,26.7,33.7,53.4,24,12,25.4,25.7,14.9,31.6,0.943,1.26,22.7,N/A,0.362,N/A,N/A,14.8,21.5,N/A,N/A,0.686,0.351,0.777,N/A,0.143,60.8,21.9,4,0.331
19,179,medium,iso,A1,1.02E+03,344,1.37E+03,38.1,32.1,69.1,77,20.3,14.1,33.8,9.17,15.5,34.7,0.998,1.19,20.2,N/A,0.581,22.1,0.581,N/A,9.22,9.22,N/A,0.277,0.214,0.857,N/A,0.184,69.8,29.2,3,0.372
19,180,medium,E,A1,845,407,1.25E+03,36.7,27.7,32.8,55.8,21.8,12.5,27.1,26.4,14.9,32.8,1.05,1.33,22.8,N/A,0.69,25.3,0.69,N/A,7.81,7.81,N/A,0.232,0.315,0.716,N/A,0.075,102,44.1,3,0.175
19,181,medium,iso,A1,1.02E+03,397,1.42E+03,42.5,29.1,48.3,73.4,21.5,12.7,34,17.4,17.1,35.5,1.02,1.46,21.9,N/A,0.7,29.7,0.7,N/A,9.9,9.9,N/A,0.27,0.285,0.705,N/A,0.167,90,39.3,4,0.292
19,182,no,B,A,881,N/A,881,36,29,N/A,N/A,N/A,N/A,N/A,N/A,N/A,N/A,N/A,1.24,N/A,0.556,N/A,20,0.556,N/A,N/A,N/A,N/A,N/A,0.15,N/A,N/A,N/A,40.6,19.2,1,0.485
19,183,large,F,C,782,445,1.23E+03,34.5,27.3,29.7,55,24.6,11.3,27.1,27.4,14.9,33,0.977,1.26,24,N/A,0.298,N/A,N/A,18.9,23.1,N/A,N/A,0.715,0.197,0.24,0.0488,N/A,103,38.2,5,0.463
19,184,small,api,A1,1.13E+03,99,1.23E+03,39.1,35.1,8.87,15.7,N/A,12.2,5.68,28.1,19.1,21,N/A,1.11,10.2,N/A,0.597,23.3,0.597,N/A,15.5,15.5,N/A,0.402,0.132,0.562,N/A,0.048,82.9,38.4,3,0.623
19,185,medium,iso,C,1.01E+03,483,1.49E+03,37.6,32.3,44.7,53.8,24.6,13.6,31.2,26.3,16.1,38.6,0.99,1.17,24.4,N/A,0.59,N/A,N/A,6,17.5,N/A,N/A,0.496,0.343,0.811,N/A,0.166,88.9,33.2,8,0.295
19,186,no,A,A,956,N/A,956,36.5,32.4,N/A,N/A,N/A,N/A,N/A,N/A,N/A,N/A,N/A,1.13,N/A,0.694,N/A,25.3,0.694,N/A,N/A,N/A,N/A,N/A,0.273,N/A,N/A,N/A,47.6,22.4,2,0.264
20,187,small,api,A1,743,103,846,32.1,27.1,32.5,39.6,15.4,13.5,13.8,19.1,13.6,21.6,0.642,1.19,9.9,N/A,0.53,17,0.53,N/A,13.5,13.5,N/A,0.441,0.15,0.433,0.000821,N/A,71.2,31.8,3,0.472
20,188,large,F,C,880,594,1.47E+03,37,29,25,46.3,27.3,13.5,27.6,34.5,16.6,38.1,1.04,1.28,28.3,N/A,0.583,N/A,N/A,13,17.7,N/A,N/A,0.499,0.172,0.447,0.000262,N/A,103,39.3,4,0.664
20,189,no,A,A,1.10E+03,N/A,1.10E+03,38.9,34.7,N/A,N/A,N/A,N/A,N/A,N/A,N/A,N/A,N/A,1.12,N/A,0.547,N/A,21.3,0.547,N/A,N/A,N/A,N/A,N/A,0.304,N/A,N/A,N/A,80.5,31.2,3,0.356
20,190,large,F,C,773,427,1.20E+03,35,26.4,34,44.4,22.1,11.4,25.9,29.3,16.6,37,1.08,1.32,23.8,N/A,0.5,N/A,N/A,10.8,16.6,N/A,N/A,0.492,0.0983,0.525,0.0331,N/A,95.2,37.1,3,1.31
20,191,medium,iso,B,967,473,1.44E+03,36.1,33.1,89.4,85.2,24.5,14,39.4,3.08,15,39.6,0.981,1.09,24,N/A,0.525,20.1,0.557,5.1,11,8.06,N/A,0.341,0.288,0.79,N/A,0.157,128,45.3,5,0.308
20,192,no,B,A,981,N/A,981,35.7,32.6,N/A,N/A,N/A,N/A,N/A,N/A,N/A,N/A,N/A,1.1,N/A,0.638,N/A,22.8,0.638,N/A,N/A,N/A,N/A,N/A,0.0897,N/A,N/A,N/A,58.5,23.4,1,1.28
20,193,small,api,A1,623,113,736,30.1,24.1,37.8,59.6,14,11.7,17,15.4,12,19.7,0.8,1.25,11.2,N/A,0.533,16,0.533,N/A,11.3,11.3,N/A,0.407,0.162,0.714,N/A,0.144,79.3,29.8,2,1.09
20,194,medium,iso,A1,735,234,969,31.8,26.8,48.2,61.8,14.7,9,27.2,17.4,14.3,30.9,1.29,1.18,19,N/A,0.586,18.6,0.586,N/A,10.2,10.2,N/A,0.339,0.106,0.796,N/A,0.15,99.8,39.5,1,1.4
20,195,large,F,C,895,484,1.38E+03,36.1,29.8,51.9,70.2,23.5,12.5,35.5,18.9,15.3,37.7,1.07,1.21,25.1,N/A,0.548,N/A,N/A,12.6,14.9,N/A,N/A,0.463,0.151,0.51,0.0059,N/A,137,47.2,4,1.1
20,196,no,B,A,791,N/A,791,34,28,N/A,N/A,N/A,N/A,N/A,N/A,N/A,N/A,N/A,1.21,N/A,0.566,N/A,19.2,0.566,N/A,N/A,N/A,N/A,N/A,0.154,N/A,N/A,N/A,73.3,27.2,5,1.11
20,197,no,N,A,738,N/A,738,33.4,26.5,N/A,N/A,N/A,N/A,N/A,N/A,N/A,N/A,N/A,1.26,N/A,0.597,N/A,19.9,0.597,N/A,N/A,N/A,N/A,N/A,N/A,N/A,N/A,N/A,N/A,N/A,N/A,N/A
20,198,medium,iso,C,1.15E+03,493,1.64E+03,40.5,34.2,5.64,7.01,22.7,12.4,5.13,45.9,19.4,42.1,1.16,1.18,26.3,N/A,0.288,N/A,N/A,13.3,29.2,N/A,N/A,0.707,0.265,0.651,N/A,0.153,151,55.8,9,0.743
20,199,small,api,A1,1.04E+03,96,1.14E+03,37.1,34.1,46.8,46.3,13.3,10.6,19.1,18.1,17,26.4,0.694,1.09,9.22,N/A,0.492,18.2,0.492,N/A,15.6,15.6,N/A,0.434,0.182,0.42,N/A,0.0231,101,33.3,4,0.657
20,200,large,F,C,978,581,1.56E+03,37.5,30.5,42.9,57.4,27.1,12.4,33.6,26.8,17,39.8,0.958,1.23,26,N/A,0.49,N/A,N/A,12.4,18,N/A,N/A,0.505,0.164,0.367,0.0101,N/A,112,52.1,3,0.57
20,201,small,api,A1,1.07E+03,86,1.16E+03,39.7,32.6,88.4,85.9,N/A,12.7,24.7,0.369,16.3,24.8,N/A,1.22,8.49,N/A,0.671,26.6,0.671,N/A,14.6,14.6,N/A,0.444,0.186,0.209,0.0705,N/A,86.5,30.9,2,0.381
24,202,no,A,A,697,N/A,697,31.1,26.1,N/A,N/A,N/A,N/A,N/A,N/A,N/A,N/A,N/A,1.19,N/A,0.683,N/A,21.2,0.683,N/A,N/A,N/A,N/A,N/A,0.376,N/A,N/A,N/A,59.2,20.4,6,0.481
24,203,large,F,C,840,456,1.30E+03,35.7,29.4,13.2,39.9,22.4,10.3,21,36.6,18,32.7,1.12,1.21,25.1,N/A,0.514,N/A,N/A,14.4,20.2,N/A,N/A,0.591,0.35,0.746,N/A,0.103,113,49.9,7,0.38
24,204,no,A,A,930,N/A,930,36.9,30.5,N/A,N/A,N/A,N/A,N/A,N/A,N/A,N/A,N/A,1.21,N/A,0.537,N/A,19.8,0.537,N/A,N/A,N/A,N/A,N/A,0.62,N/A,N/A,N/A,66.6,29.7,1,0.165
24,205,medium,api,A1,769,319,1.09E+03,34.2,27,38.5,54.9,18.8,10.2,26.5,24.3,15.3,32.4,1.12,1.27,21,N/A,0.6,20.5,0.6,N/A,11.2,11.2,N/A,0.354,0.286,0.768,N/A,0.228,114,43,2,0.524
24,206,no,B,A,545,N/A,545,29.2,23.1,N/A,N/A,N/A,N/A,N/A,N/A,N/A,N/A,N/A,1.26,N/A,0.584,N/A,17,0.584,N/A,N/A,N/A,N/A,N/A,0.0991,N/A,N/A,N/A,53.5,22,2,1.19
24,207,small,api,A1,880,160,1.04E+03,36.2,29.8,38.2,57.8,14.8,13,20.5,19.7,16,24.2,0.857,1.21,12.6,N/A,0.531,19.2,0.531,N/A,13.3,13.3,N/A,0.39,0.186,0.57,N/A,0.053,91.3,34.6,4,0.881
24,208,large,E,B,691,339,1.03E+03,32,26.2,32.8,51.3,17.5,9.06,26.1,27.4,14.9,33.4,1.31,1.22,23,N/A,0.729,26.2,0.82,5,8,4,N/A,0.256,0.378,0.231,0.233,N/A,107,45.6,3,0.509
24,209,no,B,A,863,N/A,863,36.7,28.6,N/A,N/A,N/A,N/A,N/A,N/A,N/A,N/A,N/A,1.28,N/A,0.548,N/A,20.1,0.548,N/A,N/A,N/A,N/A,N/A,0.116,N/A,N/A,N/A,68.8,25.3,2,1.08
24,210,no,A,A,725,N/A,725,32.4,27.5,N/A,N/A,N/A,N/A,N/A,N/A,N/A,N/A,N/A,1.18,N/A,0.745,N/A,24.2,0.745,N/A,N/A,N/A,N/A,N/A,0.508,N/A,N/A,N/A,62.2,24.6,1,0.168
24,211,large,F,C,944,584,1.53E+03,37.2,30.1,72.7,79.4,26.7,14,40.3,8.56,15.3,41,0.978,1.23,26.1,N/A,0.58,N/A,N/A,14.3,12,N/A,N/A,0.378,0.123,0.495,0.0144,N/A,105,48.4,4,0.883
24,212,medium,iso,A1,945,328,1.27E+03,36.4,31.9,50.4,70.2,20.6,12.8,30.3,15.6,15.8,32.2,0.934,1.14,19.2,N/A,0.665,24.2,0.665,N/A,10,10,N/A,0.301,0.258,0.652,N/A,0.164,102,36,3,0.613
24,213,no,A,A,631,N/A,631,31.1,25.2,N/A,N/A,N/A,N/A,N/A,N/A,N/A,N/A,N/A,1.23,N/A,0.536,N/A,16.6,0.536,N/A,N/A,N/A,N/A,N/A,0.637,N/A,N/A,N/A,54,18.4,1,0.194
24,214,medium,iso,A1,841,286,1.13E+03,35.8,28,29.7,45.6,17.1,11.2,22.4,27.9,15.7,31.3,1.18,1.28,20.2,N/A,0.633,22.7,0.633,N/A,10.8,10.8,N/A,0.316,0.193,0.756,N/A,0.139,110,46.4,3,0.673
24,215,no,B,A,795,N/A,795,33.1,28.6,N/A,N/A,N/A,N/A,N/A,N/A,N/A,N/A,N/A,1.16,N/A,0.595,N/A,19.7,0.595,N/A,N/A,N/A,N/A,N/A,0.106,N/A,N/A,N/A,62,23.3,3,1.2
25,216,large,F,C,650,412,1.06E+03,31.4,24.7,27.5,43.1,20.4,10.8,23,30,14.2,33.7,1.19,1.27,24.2,N/A,0.47,N/A,N/A,13,14.9,N/A,N/A,0.496,0.227,0.469,0.00898,N/A,94.2,34,4,0.473
25,217,large,E,A1,649,339,988,31.8,25.5,25.2,45.6,20.2,12.6,19.7,26.3,12,27.5,1,1.25,20.2,N/A,0.662,21,0.662,N/A,8.06,8.06,N/A,0.282,0.29,0.617,N/A,0.0883,93.3,36.6,3,0.453
25,218,small,api,A1,730,90,820,32.6,27,21.9,37.4,14.5,11.2,11,20.1,14.8,18.1,0.637,1.21,9.22,N/A,0.637,20.8,0.637,N/A,11.2,11.2,N/A,0.362,0.195,0.338,0.0294,N/A,68.4,29.2,3,0.706
25,219,small,api,A1,706,131,837,30.5,27.8,19.1,20.5,15.4,13,8.65,23.9,14.2,24.7,0.741,1.1,11.4,N/A,0.609,18.6,0.609,N/A,10.6,10.6,N/A,0.354,0.211,0.576,N/A,0.104,70,33.1,1,0.356
25,220,medium,iso,A1,751,313,1.06E+03,34.7,26.1,51.5,67.7,18.9,11.4,28.3,17.3,14.6,30.6,1.03,1.33,19.4,N/A,0.594,20.6,0.594,N/A,10.8,10.8,N/A,0.354,0.275,0.648,N/A,0.105,92.5,41.1,2,0.266
25,221,no,B,A,613,N/A,613,29.2,25,N/A,N/A,N/A,N/A,N/A,N/A,N/A,N/A,N/A,1.17,N/A,0.654,N/A,19.1,0.654,N/A,N/A,N/A,N/A,N/A,0.201,N/A,N/A,N/A,57,21.5,1,0.748
25,222,large,E,C,824,442,1.27E+03,35.8,28.3,37.4,62.3,23.4,14,29.7,23.4,15.2,33.6,0.986,1.27,23,N/A,0.318,N/A,N/A,17.3,22.4,N/A,N/A,0.683,0.163,0.718,N/A,0.199,125,43.1,2,0.903
25,223,no,B,A,597,N/A,597,30.7,23.4,N/A,N/A,N/A,N/A,N/A,N/A,N/A,N/A,N/A,1.31,N/A,0.578,N/A,17.7,0.578,N/A,N/A,N/A,N/A,N/A,0.228,N/A,N/A,N/A,44.9,16.1,3,0.581
25,224,no,B,A,622,N/A,622,30.1,24.7,N/A,N/A,N/A,N/A,N/A,N/A,N/A,N/A,N/A,1.22,N/A,0.533,N/A,16,0.533,N/A,N/A,N/A,N/A,N/A,0.228,N/A,N/A,N/A,64.4,21.5,4,0.739
25,225,medium,F,A1,666,276,942,32,26,26.6,47.3,18.7,12.7,19,23.8,13.4,25.9,0.946,1.23,17.7,N/A,0.601,19.2,0.601,N/A,9.49,9.49,N/A,0.315,0.362,0.452,N/A,0.0459,87.1,39.1,1,0.252
25,226,no,B,A,640,N/A,640,31.3,25,N/A,N/A,N/A,N/A,N/A,N/A,N/A,N/A,N/A,1.25,N/A,0.527,N/A,16.5,0.527,N/A,N/A,N/A,N/A,N/A,0.217,N/A,N/A,N/A,43.7,17.5,3,0.554
25,227,small,api,A1,667,105,772,31.1,26,28.7,49.4,12.8,12,13.8,18.1,13,18.2,0.778,1.19,10,N/A,0.625,19.4,0.625,N/A,8.94,8.94,N/A,0.303,0.291,0.369,0.033,N/A,37.4,17.9,1,0.378
25,228,no,A,A,624,N/A,624,30.3,25.2,N/A,N/A,N/A,N/A,N/A,N/A,N/A,N/A,N/A,1.2,N/A,0.533,N/A,16.1,0.533,N/A,N/A,N/A,N/A,N/A,0.28,N/A,N/A,N/A,27.7,12.1,3,0.28
25,229,medium,E,A1,793,312,1.11E+03,33.4,29.2,0.431,14.2,18.8,12.8,5.54,35.2,15.6,22.6,1.06,1.14,20,N/A,0.743,24.8,0.743,N/A,7.81,7.81,N/A,0.237,0.315,0.624,N/A,0.129,90.5,41.5,2,0.328
25,230,medium,iso,A1,939,235,1.17E+03,37.5,29.4,33.1,41.9,17.5,13,20.5,26.4,17.5,30.7,0.951,1.27,16.6,N/A,0.649,24.3,0.649,N/A,12.8,12.8,N/A,0.367,0.195,0.812,N/A,0.135,87.8,41.2,2,0.498
25,231,medium,iso,A1,614,155,769,30.9,24.2,36,46.2,13.9,8.94,16.3,20.3,13,22.6,0.975,1.28,13.6,N/A,0.629,19.4,0.629,N/A,10.8,10.8,N/A,0.382,0.164,0.675,N/A,0.0571,70.4,28.3,2,0.69
25,232,no,B,A,682,N/A,682,32.1,26,N/A,N/A,N/A,N/A,N/A,N/A,N/A,N/A,N/A,1.23,N/A,0.658,N/A,21.1,0.658,N/A,N/A,N/A,N/A,N/A,0.0953,N/A,N/A,N/A,55.8,23.4,2,1.11
25,233,medium,iso,C,621,290,911,29.7,24.7,31.6,44.5,18.3,10.4,20.9,25.8,14,29.8,1.06,1.2,19.4,N/A,0.505,N/A,N/A,7.28,14,N/A,N/A,0.486,0.445,0.484,N/A,0.119,73.1,33.3,3,0.222
25,234,no,A,A,680,N/A,680,32,25,N/A,N/A,N/A,N/A,N/A,N/A,N/A,N/A,N/A,1.28,N/A,0.625,N/A,20,0.625,N/A,N/A,N/A,N/A,N/A,0.29,N/A,N/A,N/A,57.7,22.4,2,0.609
25,235,no,B,A,610,N/A,610,30,24,N/A,N/A,N/A,N/A,N/A,N/A,N/A,N/A,N/A,1.25,N/A,0.633,N/A,19,0.633,N/A,N/A,N/A,N/A,N/A,0.246,N/A,N/A,N/A,55.7,19.4,4,0.587
27,236,no,A,A,408,N/A,408,25.8,18.6,N/A,N/A,N/A,N/A,N/A,N/A,N/A,N/A,N/A,1.39,N/A,0.576,N/A,14.9,0.576,N/A,N/A,N/A,N/A,N/A,0.284,N/A,N/A,N/A,45.5,17.8,3,0.491
27,237,medium,iso,A1,867,320,1.19E+03,35.5,29.2,15.9,27.2,19.9,13,13.5,32.7,16,29.5,1.01,1.22,20.1,N/A,0.696,24.7,0.696,N/A,9.06,9.06,N/A,0.27,0.179,0.962,N/A,0.237,119,46.1,7,0.939
27,238,small,api,A1,1.04E+03,132,1.17E+03,39.6,32.4,16,23.5,15.9,15.3,8.96,26.2,16.6,22.5,0.679,1.22,10.8,N/A,0.647,25.6,0.647,N/A,11.2,11.2,N/A,0.298,0.0845,0.758,N/A,0.0697,69.3,34,3,1
27,239,no,B,A,759,N/A,759,33.6,27.3,N/A,N/A,N/A,N/A,N/A,N/A,N/A,N/A,N/A,1.23,N/A,0.641,N/A,21.5,0.641,N/A,N/A,N/A,N/A,N/A,0.117,N/A,N/A,N/A,62.7,25.5,1,0.955
27,240,medium,iso,A1,703,280,983,31.9,26.1,34.7,45.4,21.5,11.4,19.2,24,14,27,0.814,1.22,17.5,N/A,0.618,19.7,0.618,N/A,10,10,N/A,0.351,0.17,1,N/A,0.167,36.4,12.6,2,0.509
27,241,medium,iso,A1,922,332,1.25E+03,35.2,31.6,21.7,35.2,20.1,13,18.4,31.9,16.6,31.9,1.01,1.11,20.2,N/A,0.684,24.1,0.684,N/A,9.43,9.43,N/A,0.281,0.227,0.884,N/A,0.192,51.2,19,4,0.582
27,242,small,api,A1,824,56,880,35,29,14.9,29.3,N/A,13.9,6.94,19.7,15.5,14.2,N/A,1.21,5.83,N/A,0.561,19.6,0.561,N/A,13,13,N/A,0.384,0.0602,0.528,N/A,0.0249,44.1,18.2,1,2.38
27,243,no,B,A,905,N/A,905,36.7,29.6,N/A,N/A,N/A,N/A,N/A,N/A,N/A,N/A,N/A,1.24,N/A,0.548,N/A,20.1,0.548,N/A,N/A,N/A,N/A,N/A,0.124,N/A,N/A,N/A,75.3,30.1,3,1.22
27,244,large,iso,C,805,615,1.42E+03,33.2,29.7,0,1.79,29.7,13.5,0.15,42.4,15.6,4.8,0.905,1.12,26.9,N/A,0.217,N/A,N/A,20.2,25.5,N/A,N/A,0.799,0.234,0.714,N/A,0.226,124,41.8,4,0.536
27,245,no,B,A,857,N/A,857,36.2,28.3,N/A,N/A,N/A,N/A,N/A,N/A,N/A,N/A,N/A,1.28,N/A,0.558,N/A,20.2,0.558,N/A,N/A,N/A,N/A,N/A,0.151,N/A,N/A,N/A,66.8,27,2,0.868
27,246,no,B,A,578,N/A,578,28.6,24.2,N/A,N/A,N/A,N/A,N/A,N/A,N/A,N/A,N/A,1.18,N/A,0.564,N/A,16.2,0.564,N/A,N/A,N/A,N/A,N/A,0.128,N/A,N/A,N/A,48.1,22,1,0.932
27,247,small,api,A1,817,129,946,34.7,28.4,32.1,41.5,12.9,12,15.9,23.6,16.3,24,0.927,1.22,12,N/A,0.576,20,0.576,N/A,13.3,13.3,N/A,0.406,0.0973,0.87,N/A,0.118,77.8,35.4,2,1.49
27,248,medium,iso,B,938,457,1.40E+03,37.5,29.7,49.4,65.9,24.5,14.6,32.6,19.7,15,35.8,0.944,1.26,23.1,N/A,0.624,24.8,0.66,3.16,13.6,10.4,N/A,0.406,0.267,0.812,N/A,0.226,148,46.8,7,0.665
29,249,small,api,A1,1.04E+03,160,1.20E+03,38.3,32.6,25.1,32,14.9,12.2,15,27.5,18.7,28.3,0.883,1.17,13.2,N/A,0.703,26.9,0.703,N/A,9.49,9.49,N/A,0.258,0.116,0.928,N/A,0.16,65.9,25.2,4,1.12
29,250,large,iso,C,852,519,1.37E+03,36.1,28.8,0.955,5.25,23.4,13.9,2.77,43.8,16.6,30.3,1.17,1.25,27.3,N/A,0.325,N/A,N/A,18.2,23.4,N/A,N/A,0.692,0.332,0.727,N/A,0.185,112,40.3,6,0.444
29,251,medium,iso,A1,863,253,1.12E+03,35.5,30.1,5.4,5.11,18.4,12.4,3.07,33.5,16.5,34.5,0.962,1.18,17.7,N/A,0.719,25.5,0.719,N/A,9,9,N/A,0.268,0.194,0.949,N/A,0.159,109,43,5,0.866
29,252,small,api,A1,803,132,935,33.5,29.1,14,17.4,13.6,11,7.7,28.2,17,25.8,0.882,1.15,12,N/A,0.702,23.5,0.702,N/A,10,10,N/A,0.303,0.176,0.642,N/A,0.114,91.5,37,4,0.921
29,253,small,api,A1,914,160,1.07E+03,35,30.5,13.6,22.2,14.7,12.2,8.92,28.4,16.8,23.6,0.897,1.15,13.2,N/A,0.678,23.7,0.678,N/A,10.4,10.4,N/A,0.297,0.11,0.975,N/A,0.138,89.5,40.9,2,1.41
29,254,large,F,C,1.09E+03,636,1.73E+03,39.6,34,21.4,20,27.8,16.6,14.7,43.1,17.5,43,1.02,1.17,28.2,N/A,0.328,N/A,N/A,17.5,26.6,N/A,N/A,0.724,0.145,0.55,N/A,0.0449,162,53.6,3,1.06
29,255,large,F,C,1.08E+03,634,1.72E+03,39.1,33.1,63,69.6,27.1,14.3,41,17.8,16.6,43.8,1.06,1.18,28.6,N/A,0.639,N/A,N/A,13,19.6,N/A,N/A,0.585,0.16,0.473,0.00583,N/A,131,50.7,7,0.862
29,256,large,iso,B,993,492,1.49E+03,37.2,31.8,22.6,31.2,25.4,13.6,18.8,37.5,18.4,36.4,0.962,1.17,24.4,N/A,0.69,30.4,0.818,7.21,12.5,6.71,N/A,0.35,0.232,0.959,N/A,0.205,153,53.7,9,0.78
29,257,small,api,A1,1.01E+03,169,1.18E+03,39.8,31.2,22.5,42.4,16.3,11,17,26.2,17.9,25.2,0.809,1.27,13.2,N/A,0.669,26.6,0.669,N/A,14,14,N/A,0.377,0.115,1,N/A,0.124,75,25.7,3,1.3
29,258,medium,iso,A1,729,309,1.04E+03,34,26.9,31.3,44.4,19.6,11,20.9,27.6,14.6,29.9,0.97,1.26,19,N/A,0.604,20.5,0.604,N/A,11.4,11.4,N/A,0.368,0.186,0.979,N/A,0.211,109,42.9,6,0.979
29,259,medium,iso,A1,898,279,1.18E+03,35.1,31.1,17.3,14.4,20.1,13.3,8.34,32.8,16.3,33.6,0.906,1.13,18.2,N/A,0.665,23.3,0.665,N/A,11.2,11.2,N/A,0.339,0.234,0.743,N/A,0.14,108,44.7,6,0.725
29,260,no,B,A,815,N/A,815,34.1,29.1,N/A,N/A,N/A,N/A,N/A,N/A,N/A,N/A,N/A,1.17,N/A,0.561,N/A,19.1,0.561,N/A,N/A,N/A,N/A,N/A,0.18,N/A,N/A,N/A,58.7,24.1,4,0.551
29,261,no,B,A,785,N/A,785,33.6,27.8,N/A,N/A,N/A,N/A,N/A,N/A,N/A,N/A,N/A,1.21,N/A,0.587,N/A,19.7,0.587,N/A,N/A,N/A,N/A,N/A,0.199,N/A,N/A,N/A,71,25.5,5,0.795
30,262,large,iso,B,941,537,1.48E+03,37,31,60.4,68.1,22.7,13,41,18.8,15.7,44.2,1.27,1.19,28.8,N/A,0.578,23.4,0.632,6.08,12.1,8.06,N/A,0.375,0.272,0.95,N/A,0.264,151,52.3,7,0.649
30,263,medium,iso,A1,836,237,1.07E+03,35.4,28.2,38.2,58.9,17.2,12,23.9,21.2,16.2,27.9,0.949,1.26,16.3,N/A,0.692,24.5,0.692,N/A,10,10,N/A,0.305,0.239,0.648,N/A,0.11,95.8,40.4,4,0.492
30,264,small,api,A1,1.04E+03,98,1.13E+03,38.1,32.1,48.8,68.6,14.5,10.4,22.2,15.4,17.8,23.9,0.656,1.19,9.49,N/A,0.659,25.1,0.659,N/A,13.9,13.9,N/A,0.391,0.13,0.503,N/A,0.0138,22.9,11.2,0,0.769
30,265,small,api,A1,956,152,1.11E+03,36.3,31.4,18.7,24.6,16.2,13,10.8,27.5,16.6,25.9,0.806,1.16,13,N/A,0.605,22,0.605,N/A,14.9,14.9,N/A,0.421,0.15,0.669,N/A,0.1,86.3,37.2,4,1.27
30,266,medium,iso,A1,1.33E+03,476,1.81E+03,43,38,68.7,76.4,25.1,18.4,40.2,12.6,19.3,41.4,0.939,1.13,23.5,N/A,0.643,27.7,0.643,N/A,12,12,N/A,0.313,0.239,0.861,N/A,0.181,138,53.6,6,0.5
30,267,large,iso,C,975,532,1.51E+03,38.2,31.9,46.5,67.5,24.8,13.9,36,22.6,16,39,1.07,1.2,26.4,N/A,0.316,N/A,N/A,17.5,25,N/A,N/A,0.742,0.303,0.842,N/A,0.268,112,41.1,5,0.439
30,268,large,F,C,803,471,1.27E+03,33.5,29.1,30.4,49.1,23.2,13,26.5,28.6,14.9,35,1.08,1.15,25.1,N/A,0.626,N/A,N/A,13.9,16.8,N/A,N/A,0.53,0.146,0.511,N/A,0.0114,91.8,41.3,2,0.806
30,269,medium,iso,A1,829,272,1.10E+03,35,28.6,24.7,43.7,17.4,11.2,19.4,27.8,16.1,28.1,1.05,1.22,18.2,N/A,0.732,25.6,0.732,N/A,9.22,9.22,N/A,0.277,0.167,0.842,N/A,0.186,96.4,39,6,0.918
30,270,complex,-,-,N/A,N/A,N/A,N/A,N/A,N/A,N/A,N/A,N/A,N/A,N/A,N/A,N/A,N/A,N/A,N/A,N/A,N/A,N/A,N/A,N/A,N/A,N/A,N/A,N/A,N/A,N/A,N/A,N/A,N/A,N/A,N/A,N/A
30,271,medium,api,A1,969,311,1.28E+03,37.6,30.9,62.1,73.6,18.6,11.3,33.4,13.1,16.6,34.8,1.07,1.22,19.8,N/A,0.485,18.2,0.485,N/A,12.4,12.4,N/A,0.373,0.141,0.956,N/A,0.247,122,46.2,6,1.31
30,272,small,api,A1,830,145,975,33.6,29.4,34.8,39.4,14.1,11.2,15.8,22,14.9,24.9,0.875,1.14,12.4,N/A,0.633,21.3,0.633,N/A,10.4,10.4,N/A,0.323,0.109,0.943,N/A,0.139,68.2,23.6,2,1.5
31,273,large,F,C,827,469,1.30E+03,37,27.5,30.8,48.8,24.2,13.9,26.2,28.6,15.6,34.8,0.981,1.34,23.8,N/A,0.379,N/A,N/A,12.6,21.4,N/A,N/A,0.665,0.171,0.523,N/A,0.0261,101,38.3,4,1.16
31,274,medium,api,A1,928,240,1.17E+03,36.9,30.2,13.6,26.2,17.6,13,12.4,32.4,17.7,28.1,0.996,1.22,17.5,N/A,0.707,26.1,0.707,N/A,10.3,10.3,N/A,0.296,0.123,1,N/A,0.143,109,41.6,4,1.22
31,275,medium,iso,A1,1.17E+03,308,1.48E+03,40.8,35.5,60.3,74.6,20.1,13.6,33.3,14.6,18,34.5,0.928,1.15,18.7,N/A,0.607,24.8,0.607,N/A,11,11,N/A,0.305,0.138,0.932,N/A,0.175,133,45.7,5,1.06
31,276,medium,E,A1,935,271,1.21E+03,38,30.2,51.9,61,18.9,11.2,28,19,16,32,0.957,1.26,18.1,N/A,0.671,25.5,0.671,N/A,10.2,10.2,N/A,0.307,0.195,0.655,N/A,0.0986,118,43.7,6,0.779
31,277,large,iso,B,883,436,1.32E+03,36.8,29.7,45.6,61.8,23.1,14.9,32,21.9,15,36.3,1.03,1.24,23.8,N/A,0.673,28.6,0.777,9.06,11.7,5.83,N/A,0.363,0.278,0.779,N/A,0.206,42.3,18,1,0.174
31,278,medium,api,A1,1.07E+03,409,1.47E+03,40.1,33.1,52.6,63.3,21.3,13.4,35.1,20.9,17,39.3,1.1,1.21,23.3,N/A,0.625,25.1,0.625,N/A,11.7,11.7,N/A,0.333,0.132,0.969,N/A,0.246,131,49.7,4,1.22
31,279,large,E,C,976,488,1.46E+03,37,33,57.3,62.9,24.2,12.1,36,20.6,16.6,40.4,1.05,1.12,25.5,N/A,0.572,N/A,N/A,12.4,22.1,N/A,N/A,0.675,0.33,0.712,N/A,0.132,149,49.2,7,0.53
31,280,no,B,A,672,N/A,672,30.5,26.1,N/A,N/A,N/A,N/A,N/A,N/A,N/A,N/A,N/A,1.17,N/A,0.557,N/A,17,0.557,N/A,N/A,N/A,N/A,N/A,0.18,N/A,N/A,N/A,85.4,23.7,5,1.17
31,281,small,api,A1,1.03E+03,212,1.24E+03,39.1,33.1,53.2,61.7,15.5,11.7,27.9,17,16.3,31.7,1.07,1.18,16.6,N/A,0.568,22.2,0.568,N/A,11.3,11.3,N/A,0.331,0.0571,1,N/A,0.22,111,42.4,1,2.82
31,282,medium,api,A1,904,391,1.30E+03,35.4,31.9,9.72,19.5,23.4,13.9,9.95,36.5,16.4,29.8,0.916,1.11,21.5,N/A,0.684,24.2,0.684,N/A,10,10,N/A,0.3,0.171,1,N/A,0.202,87.9,34.8,6,0.787
31,283,small,api,A1,1.12E+03,212,1.33E+03,41.5,33.2,52.3,71,17.5,13,28.3,15.9,17.5,29.9,0.917,1.25,16,N/A,0.709,29.4,0.709,N/A,12,12,N/A,0.339,0.151,0.756,N/A,0.106,116,43.5,6,1.06
31,284,small,api,A1,1.20E+03,270,1.47E+03,41.4,35.7,54.3,67.1,18.3,14,31.1,16,17.7,33.7,0.984,1.16,18,N/A,0.637,26.4,0.637,N/A,13,13,N/A,0.354,0.156,0.825,N/A,0.164,114,42.5,4,0.716
31,285,large,iso,B,756,437,1.19E+03,32.4,28.3,33.7,53.9,25,11.3,26.9,26.4,15.7,33.3,0.904,1.15,22.6,N/A,0.683,24.3,0.751,3.61,14.2,10,N/A,0.458,0.127,0.914,N/A,0.193,127,45.4,3,1.17
31,286,small,api,A1,1.04E+03,118,1.16E+03,39.8,34.2,74,82.1,27.9,25.9,18.2,3.42,13,18.4,0.209,1.16,5.83,N/A,0.495,19.7,0.495,N/A,15.7,15.7,N/A,0.52,0.0908,0.514,N/A,0.0219,66.6,18,2,1.02
31,287,small,api,A1,1.05E+03,244,1.29E+03,40.7,31.8,68.2,75.9,20.2,13.6,31,10.1,16,32,0.807,1.28,16.3,N/A,0.418,17,0.418,N/A,13.9,13.9,N/A,0.421,0.18,0.741,N/A,0.173,118,41.5,6,0.961
33,288,small,api,A1,839,155,994,35.2,29.1,31.1,48.6,13.9,11.7,19.3,22.9,16.3,25.8,0.962,1.21,13.4,N/A,0.639,22.5,0.639,N/A,11.4,11.4,N/A,0.349,0.139,0.884,N/A,0.138,99.3,37.6,2,1.16
33,289,no,B,A,888,N/A,888,36.1,29.7,N/A,N/A,N/A,N/A,N/A,N/A,N/A,N/A,N/A,1.21,N/A,0.557,N/A,20.1,0.557,N/A,N/A,N/A,N/A,N/A,0.111,N/A,N/A,N/A,41.5,20.2,3,0.96
33,290,large,F,C,989,619,1.61E+03,38.3,31,79.1,83,26.6,14.1,42.7,6.25,15,43,1.06,1.23,28.3,N/A,0.525,N/A,N/A,15.2,11,N/A,N/A,0.344,0.134,0.647,N/A,0.0478,146,53.3,4,1.27
33,291,medium,E,A1,846,342,1.19E+03,34.8,29.8,34.3,41.9,22.1,13,23.1,28.5,15,34.5,0.949,1.17,21,N/A,0.638,22.2,0.638,N/A,11,11,N/A,0.35,0.399,0.523,N/A,0.168,113,43.9,1,0.35
33,292,large,iso,C,822,454,1.28E+03,35,28.3,38.1,50.9,23.9,12.6,28.1,26.5,16.1,36.2,0.978,1.24,23.4,N/A,0.429,N/A,N/A,1.41,22.6,N/A,N/A,0.704,0.295,0.814,N/A,0.157,124,44.5,5,0.548
33,293,large,iso,C,776,455,1.23E+03,33.1,28.2,22.6,26.4,23.6,13,16,35.3,16.1,35.9,0.976,1.18,23,N/A,0.352,N/A,N/A,13.2,24,N/A,N/A,0.755,0.24,0.881,N/A,0.177,107,45.5,7,0.685
33,294,complex,-,-,N/A,N/A,N/A,N/A,N/A,N/A,N/A,N/A,N/A,N/A,N/A,N/A,N/A,N/A,N/A,N/A,N/A,N/A,N/A,N/A,N/A,N/A,N/A,N/A,N/A,N/A,N/A,N/A,N/A,N/A,N/A,N/A,N/A
33,295,large,F,C,893,495,1.39E+03,36.7,29.5,32.9,50.7,24.6,13.9,27.8,29.6,16,36,1,1.24,24.7,N/A,0.464,N/A,N/A,11.2,19.2,N/A,N/A,0.579,0.108,0.48,0.0088,N/A,116,43,4,1.18
33,296,large,F,C,878,632,1.51E+03,35.8,30,51.4,63.7,26.4,14.3,38.7,22.9,15.1,43.1,1.14,1.19,30.1,N/A,0.644,N/A,N/A,16.8,17.5,N/A,N/A,0.55,0.145,0.397,0.00876,N/A,142,51.7,3,1.12
33,297,medium,iso,B,687,304,991,32.2,26.2,34.9,50,18,12.2,23.2,24.3,13.5,30.3,1.13,1.23,20.2,N/A,0.627,20.4,0.632,3.16,10,9.22,N/A,0.339,0.318,0.746,N/A,0.11,109,41.6,3,0.514
33,298,large,iso,A1,942,524,1.47E+03,37.7,30.1,65.2,81.2,25.2,14.6,40.7,11.2,16,41.2,1.06,1.25,26.7,N/A,0.619,23.3,0.619,N/A,11,11,N/A,0.346,0.282,0.814,N/A,0.251,131,48.9,3,0.502
33,299,large,F,C,950,637,1.59E+03,37,32,26.2,42.4,26.4,14,28.5,36.2,17.3,42.3,1.1,1.16,29.1,N/A,0.362,N/A,N/A,17.1,21.5,N/A,N/A,0.619,0.127,0.463,0.0312,N/A,154,54.3,6,1.34
33,300,no,A,A,1.06E+03,N/A,1.06E+03,41.2,32.1,N/A,N/A,N/A,N/A,N/A,N/A,N/A,N/A,N/A,1.28,N/A,0.609,N/A,25.1,0.609,N/A,N/A,N/A,N/A,N/A,0.281,N/A,N/A,N/A,77.1,30.5,4,0.532
35,301,no,B,A,436,N/A,436,26.1,19.7,N/A,N/A,N/A,N/A,N/A,N/A,N/A,N/A,N/A,1.32,N/A,0.635,N/A,16.6,0.635,N/A,N/A,N/A,N/A,N/A,0.117,N/A,N/A,N/A,36.2,17,2,0.922
35,302,no,B,A,900,N/A,900,35.7,30.7,N/A,N/A,N/A,N/A,N/A,N/A,N/A,N/A,N/A,1.16,N/A,0.646,N/A,23.1,0.646,N/A,N/A,N/A,N/A,N/A,0.118,N/A,N/A,N/A,61.9,28.4,3,1.22
35,303,medium,api,A1,872,256,1.13E+03,36.1,29.7,27.6,46.1,16.8,12,21.4,26.6,16.8,29.7,1.07,1.21,18,N/A,0.611,22,0.611,N/A,12.6,12.6,N/A,0.376,0.176,0.724,N/A,0.211,109,43.1,3,0.96
35,304,medium,E,A1,814,367,1.18E+03,33.2,29,50.1,59.7,20.4,11.7,31,20.2,15.1,35.9,1.07,1.15,21.8,N/A,0.619,20.6,0.619,N/A,9.06,9.06,N/A,0.296,0.208,0.748,N/A,0.233,86.5,37.3,3,0.407
35,305,small,api,A1,889,84,973,35.7,30.8,23.5,29.7,10.9,9.85,12.4,23.2,16.5,24.9,0.869,1.16,9.49,N/A,0.594,21.2,0.594,N/A,13.6,13.6,N/A,0.398,0.117,0.474,0.00607,N/A,83.7,31.8,4,0.895
35,306,large,F,C,833,545,1.38E+03,35.4,28.7,25.8,42.2,26.1,12.4,23.9,33.6,16,35.6,0.984,1.23,25.7,N/A,0.442,N/A,N/A,13.9,20,N/A,N/A,0.606,0.142,0.515,N/A,0.00906,113,45.4,4,0.75
35,307,small,api,A1,727,95,822,32.2,26.4,18.4,40,10.8,9.06,12,23.8,15.3,18.7,1.03,1.22,11.2,N/A,0.596,19.2,0.596,N/A,12.2,12.2,N/A,0.388,0.202,0.548,N/A,0.104,76.8,34.8,2,0.512
35,308,large,iso,C,734,468,1.20E+03,32.9,26.6,26,37.2,24.1,12.6,20.6,32.4,15.1,34,0.958,1.24,23.1,N/A,0.313,N/A,N/A,13.2,22,N/A,N/A,0.709,0.361,0.836,N/A,0.16,111,47.5,4,0.187
35,309,small,api,A1,868,114,982,35.8,30,40.7,50.1,12.6,11.7,18.9,18.6,15.3,24.6,0.926,1.19,11.7,N/A,0.618,22.1,0.618,N/A,9.06,9.06,N/A,0.281,0.102,0.78,N/A,0.111,67.9,33,3,0.88
35,310,large,F,C,868,526,1.39E+03,34.8,30.4,13,27.5,26,13.2,16.8,39.6,17,36.3,0.973,1.15,25.3,N/A,0.31,N/A,N/A,9.49,24.1,N/A,N/A,0.706,0.168,0.53,N/A,0.00164,79.5,29.6,6,0.718
35,311,medium,iso,A1,862,262,1.12E+03,35.4,29.7,17.5,34.1,18,13.3,14.6,29.7,16.1,26.1,0.968,1.19,17.5,N/A,0.644,22.8,0.644,N/A,10.6,10.6,N/A,0.316,0.177,0.899,N/A,0.136,55.8,23.4,4,0.749
35,312,large,iso,B,788,420,1.21E+03,33.4,28.6,19.1,26.7,22.2,12.4,15.7,36.4,15.8,35,1.06,1.17,23.5,N/A,0.682,28.3,0.847,6.08,10.2,4.12,N/A,0.317,0.208,0.916,N/A,0.251,66.3,25.1,3,0.618
35,313,no,A,A,1.28E+03,N/A,1.28E+03,44,36,N/A,N/A,N/A,N/A,N/A,N/A,N/A,N/A,N/A,1.22,N/A,0.595,N/A,26.2,0.595,N/A,N/A,N/A,N/A,N/A,0.272,N/A,N/A,N/A,90.9,33,3,0.562
35,314,medium,iso,C,1.09E+03,503,1.59E+03,41,32,75.1,88.6,24.9,14,40.4,5.75,15.5,40.4,1,1.28,25,N/A,0.722,N/A,N/A,11,22.4,N/A,N/A,0.675,0.297,0.862,N/A,0.137,77.1,26,9,0.432
35,315,large,E,C,790,474,1.26E+03,34,29,35.4,52.1,24.6,14,27.3,27.3,14.3,34.6,0.978,1.17,24.1,N/A,0.29,N/A,N/A,15,23.1,N/A,N/A,0.753,0.13,0.384,N/A,0.0414,122,47.3,2,0.86
35,316,large,iso,B,912,463,1.38E+03,36.9,30.5,59.9,81.6,23.4,14.6,38.2,10.5,16,38.6,1.03,1.21,24.2,N/A,0.635,23.4,0.635,1,11.7,11.7,N/A,0.371,0.281,0.84,N/A,0.188,82.3,29.2,8,0.419
35,317,no,A,A,921,N/A,921,36.1,30.5,N/A,N/A,N/A,N/A,N/A,N/A,N/A,N/A,N/A,1.19,N/A,0.557,N/A,20.1,0.557,N/A,N/A,N/A,N/A,N/A,0.662,N/A,N/A,N/A,0,0,0,0.0426
36,318,no,B,A,1.00E+03,N/A,1.00E+03,36.6,33.6,N/A,N/A,N/A,N/A,N/A,N/A,N/A,N/A,N/A,1.09,N/A,0.508,N/A,18.6,0.508,N/A,N/A,N/A,N/A,N/A,0.205,N/A,N/A,N/A,40,16.8,1,0.278
36,319,large,iso,C,927,601,1.53E+03,37,31,23.4,43.5,32.1,12,26.6,35,17.9,38.6,0.837,1.19,26.9,N/A,0.547,N/A,N/A,14.9,21.9,N/A,N/A,0.618,0.262,0.693,N/A,0.0336,150,51.4,5,0.793
36,320,large,iso,C,755,437,1.19E+03,32.2,28.2,30.4,44.9,23,13,24.4,31,15,34.5,1.06,1.14,24.4,N/A,0.483,N/A,N/A,8,18.7,N/A,N/A,0.617,0.339,0.797,N/A,0.187,116,48.2,5,0.827
36,321,no,B,A,633,N/A,633,30.1,26.1,N/A,N/A,N/A,N/A,N/A,N/A,N/A,N/A,N/A,1.15,N/A,0.537,N/A,16.2,0.537,N/A,N/A,N/A,N/A,N/A,0.15,N/A,N/A,N/A,62.3,22.5,4,1.44
36,322,no,A,A,987,N/A,987,38.4,32,N/A,N/A,N/A,N/A,N/A,N/A,N/A,N/A,N/A,1.2,N/A,0.608,N/A,23.3,0.608,N/A,N/A,N/A,N/A,N/A,0.408,N/A,N/A,N/A,81.4,29,5,0.682
36,323,large,api,C,909,510,1.42E+03,36.4,29.2,42.6,52.1,27.4,12.1,31,28.8,16.3,39.3,0.936,1.25,25.6,N/A,0.382,N/A,N/A,15.8,25.5,N/A,N/A,0.764,0.313,0.881,N/A,0.213,124,45.9,6,1.13
36,324,large,iso,C,901,519,1.42E+03,38.1,29.5,56.7,73.4,24.3,13,37.4,16.4,14.3,39.1,1.08,1.29,26.2,N/A,0.376,N/A,N/A,11.7,19.9,N/A,N/A,0.635,0.33,0.784,N/A,0.155,117,45,3,0.543
36,325,small,api,A1,907,102,1.01E+03,35.5,31,82.3,85.2,14.6,13.9,25.5,1.68,14.6,25.6,0.713,1.14,10.4,N/A,0.479,17,0.479,N/A,13.3,13.3,N/A,0.438,0.135,0.618,N/A,0.0737,86.2,32.4,3,1.57
36,326,no,A,A,691,N/A,691,32.2,25.1,N/A,N/A,N/A,N/A,N/A,N/A,N/A,N/A,N/A,1.29,N/A,0.513,N/A,16.6,0.513,N/A,N/A,N/A,N/A,N/A,0.58,N/A,N/A,N/A,65.4,23.9,5,0.379
36,327,medium,api,A1,818,330,1.15E+03,35.2,27.9,24.6,53.5,24,12.8,22.7,25.6,15.3,28.2,0.802,1.26,19.2,N/A,0.676,23.8,0.676,N/A,10.3,10.3,N/A,0.319,0.233,0.877,N/A,0.225,112,43.4,5,1.08
36,328,large,iso,A1,688,341,1.03E+03,33.2,25.2,30.2,54,19.6,12.5,24.2,24.5,15,29.9,1.05,1.32,20.6,N/A,0.643,21.4,0.643,N/A,9.9,9.9,N/A,0.316,0.294,0.805,N/A,0.142,98.6,40.3,7,1.22
36,329,large,iso,A1,905,519,1.42E+03,36.8,30.5,41.4,54,25.2,13.2,32.1,25.7,16,39.7,1,1.21,25.2,N/A,0.653,24,0.653,N/A,12.4,12.4,N/A,0.375,0.322,0.856,N/A,0.183,132,44.6,6,0.592
37,330,small,api,A1,847,94,941,35.8,29.2,29.1,51.6,9.73,7.62,18.1,22.3,17.1,23.1,1.29,1.23,12.5,N/A,0.661,23.7,0.661,N/A,13.4,13.4,N/A,0.405,0.276,0.365,N/A,0.0267,74.3,32.9,3,0.65
37,331,small,api,A1,847,146,993,36.4,27.9,44.4,73.5,13.9,11,23,14.4,15.2,24,0.935,1.31,13,N/A,0.628,22.8,0.628,N/A,11.2,11.2,N/A,0.347,0.12,0.739,N/A,0.166,99.4,35,2,1.7
37,332,no,B,A,759,N/A,759,34,27.8,N/A,N/A,N/A,N/A,N/A,N/A,N/A,N/A,N/A,1.22,N/A,0.648,N/A,22,0.648,N/A,N/A,N/A,N/A,N/A,0.129,N/A,N/A,N/A,65.3,24,2,1.49
37,333,small,api,A1,711,76,787,31.8,26.8,22.5,34.5,10.4,10,11.3,20.6,14,19.9,0.873,1.18,9.06,N/A,0.528,16.8,0.528,N/A,12.4,12.4,N/A,0.42,0.255,0.393,N/A,0.0349,60.4,27.5,2,0.841
37,334,large,F,C,933,525,1.46E+03,36.1,31.1,89.2,83,24,13,42.4,1.74,16.1,42.8,1.08,1.16,26,N/A,0.658,N/A,N/A,12.1,21.2,N/A,N/A,0.657,0.128,0.332,0.0128,N/A,121,44.5,6,1.16
37,335,medium,E,A1,781,245,1.03E+03,35.1,26.6,28,39.1,17.4,11.7,18.7,27.3,16.3,29.7,1.01,1.32,17.5,N/A,0.667,23.4,0.667,N/A,11.2,11.2,N/A,0.333,0.456,0.357,N/A,0.0437,114,44.1,3,0.397
37,336,large,E,B,717,374,1.09E+03,32.6,26.3,38.9,55.6,18.6,10,29.1,26,14.8,35.3,1.29,1.24,24,N/A,0.603,22.1,0.679,5,13.5,9.22,N/A,0.451,0.433,0.576,N/A,0.144,121,45.4,6,0.504
37,337,small,api,A1,802,102,904,35.7,27.2,31.3,47,13.2,14.3,15.5,20.3,15.5,21.2,0.781,1.31,10.3,N/A,0.483,17.3,0.483,N/A,15,15,N/A,0.479,0.156,0.603,N/A,0.0467,72.4,26.6,1,1.16
37,338,large,iso,C,843,436,1.28E+03,37,27.8,29.5,50.2,21.5,11.2,27.1,30.2,17.1,35.3,1.14,1.33,24.5,N/A,0.557,N/A,N/A,12,15,N/A,N/A,0.443,0.266,0.906,N/A,0.22,123,50.6,7,0.568
37,339,no,A,A,793,N/A,793,34.5,27.5,N/A,N/A,N/A,N/A,N/A,N/A,N/A,N/A,N/A,1.26,N/A,0.562,N/A,19.4,0.562,N/A,N/A,N/A,N/A,N/A,0.45,N/A,N/A,N/A,55.1,24.5,2,0.305
37,340,medium,iso,A1,730,344,1.07E+03,32.4,27.5,25.7,39.6,20.9,11.7,20,29.6,15.3,31.3,1,1.18,20.9,N/A,0.62,20.1,0.62,N/A,13.3,13.3,N/A,0.432,0.264,0.919,N/A,0.185,103,44.2,3,0.728
37,341,large,F,C,926,461,1.39E+03,37.2,30.9,48.4,52.9,23.4,12.5,31.5,27.1,17.7,39.5,1.01,1.2,23.8,N/A,0.269,N/A,N/A,13.9,27.2,N/A,N/A,0.794,0.141,0.503,0.015,N/A,146,49.4,4,1.12
37,342,small,api,A1,826,160,986,35.2,28.8,37.5,53,15.1,11.7,19.7,19.7,15,24.7,0.84,1.22,12.6,N/A,0.56,19.7,0.56,N/A,13,13,N/A,0.413,0.143,0.674,N/A,0.0779,99.4,35.2,4,1.34
38,343,large,iso,A1,758,411,1.17E+03,33.1,26.8,28.8,50.5,21.8,10.8,25.2,27.3,15,32.7,1.07,1.23,23.3,N/A,0.726,24,0.726,N/A,7.07,7.07,N/A,0.224,0.236,0.978,N/A,0.245,123,45.6,8,0.772
38,344,medium,api,A1,633,277,910,30.4,24.6,22.4,40.2,19.1,11.7,17.7,26.4,14.2,27.4,0.965,1.24,18.4,N/A,0.648,19.7,0.648,N/A,9.43,9.43,N/A,0.337,0.19,0.653,N/A,0.183,84.8,37.6,5,0.948
38,345,small,api,A1,585,100,685,28,24.1,26.7,31.1,13.4,10.3,11.2,20.1,13,21.8,0.767,1.16,10.3,N/A,0.572,16,0.572,N/A,10.8,10.8,N/A,0.389,0.181,0.637,N/A,0.0663,54.8,27.4,1,1.02
38,346,small,api,A1,725,137,862,33.1,26.8,25,39.1,13.2,11.2,14.1,22.8,15,22.4,0.936,1.23,12.4,N/A,0.608,20.1,0.608,N/A,12.2,12.2,N/A,0.387,0.177,0.699,N/A,0.0906,75.2,27.6,4,1.14
38,347,no,B,A,671,N/A,671,29.4,27.2,N/A,N/A,N/A,N/A,N/A,N/A,N/A,N/A,N/A,1.08,N/A,0.701,N/A,20.6,0.701,N/A,N/A,N/A,N/A,N/A,0.2,N/A,N/A,N/A,56.7,21,3,1.37
38,348,large,iso,C,661,380,1.04E+03,31,24.7,22.2,49.8,22.8,11.2,21.3,26.4,15,27.9,0.904,1.26,20.6,N/A,0.297,N/A,N/A,14.3,22,N/A,N/A,0.728,0.314,0.63,N/A,0.194,95.3,35.9,2,0.456
38,349,no,A,A,772,N/A,772,35.1,26.6,N/A,N/A,N/A,N/A,N/A,N/A,N/A,N/A,N/A,1.32,N/A,0.537,N/A,18.9,0.537,N/A,N/A,N/A,N/A,N/A,0.324,N/A,N/A,N/A,66.8,27.5,2,0.4
38,350,medium,E,A1,764,270,1.03E+03,32.6,27.5,28.7,43.1,17.6,10.8,20.4,27.1,15.3,29.9,1.06,1.18,18.8,N/A,0.641,20.9,0.641,N/A,11.7,11.7,N/A,0.373,0.206,0.563,N/A,0.113,97.9,38.2,4,0.681
38,351,medium,iso,C,856,419,1.28E+03,36.9,28.6,47.2,62.7,21.6,10.6,32.4,21.7,15.8,36.5,1.09,1.29,23.4,N/A,0.566,N/A,N/A,8.54,15.6,N/A,N/A,0.476,0.244,0.884,N/A,0.218,128,48.5,7,0.685
38,352,no,B,A,745,N/A,745,32.9,27.5,N/A,N/A,N/A,N/A,N/A,N/A,N/A,N/A,N/A,1.2,N/A,0.615,N/A,20.2,0.615,N/A,N/A,N/A,N/A,N/A,0.142,N/A,N/A,N/A,51.6,21.2,2,1.64
38,353,large,F,C,927,537,1.46E+03,35.7,31.6,47,53.1,25.3,12,33.3,26.2,16.4,41.7,1.01,1.13,25.5,N/A,0.364,N/A,N/A,13.6,22.5,N/A,N/A,0.669,0.15,0.543,N/A,0.0118,137,50.6,5,0.858
38,354,medium,iso,A1,874,242,1.12E+03,35.6,29.2,57.8,73.7,16.6,12.2,29.1,12.5,14.9,30.3,1.03,1.22,17.2,N/A,0.53,18.9,0.53,N/A,12.6,12.6,N/A,0.401,0.168,0.702,N/A,0.0672,115,42,6,0.814
38,355,large,E,B,792,736,1.53E+03,34.5,28.2,40.6,61.9,29.4,14.1,37.1,26.7,15.2,42.1,1.06,1.22,31.1,N/A,0.73,28,0.812,5.39,6.4,2.24,N/A,0.206,0.461,0.338,0.0993,N/A,149,53.4,3,0.316
39,356,no,B,A,752,N/A,752,34,26.4,N/A,N/A,N/A,N/A,N/A,N/A,N/A,N/A,N/A,1.29,N/A,0.53,N/A,18,0.53,N/A,N/A,N/A,N/A,N/A,0.14,N/A,N/A,N/A,42.9,19.3,3,0.533
39,357,no,B,A,819,N/A,819,35.3,27.7,N/A,N/A,N/A,N/A,N/A,N/A,N/A,N/A,N/A,1.27,N/A,0.633,N/A,22.4,0.633,N/A,N/A,N/A,N/A,N/A,0.204,N/A,N/A,N/A,70.7,25.6,3,0.749
39,358,medium,iso,B,713,334,1.05E+03,33.3,26.1,36.5,53,19.8,10.4,25.1,24.4,15,31.5,1.02,1.28,20.2,N/A,0.608,20.2,0.608,1,12.4,12.4,N/A,0.396,0.319,0.641,N/A,0.0487,103,35.5,7,0.65
39,359,no,B,A,596,N/A,596,30,24.2,N/A,N/A,N/A,N/A,N/A,N/A,N/A,N/A,N/A,1.24,N/A,0.568,N/A,17,0.568,N/A,N/A,N/A,N/A,N/A,0.233,N/A,N/A,N/A,60.1,23.1,4,0.741
39,360,large,iso,A1,748,369,1.12E+03,34.5,26.2,31.3,45.4,20.8,12.5,22.8,28.3,14.9,32,1.03,1.31,21.5,N/A,0.67,23.1,0.67,N/A,10.3,10.3,N/A,0.328,0.285,0.796,N/A,0.162,104,34.1,7,0.619
39,361,no,B,A,763,N/A,763,33.8,26.6,N/A,N/A,N/A,N/A,N/A,N/A,N/A,N/A,N/A,1.27,N/A,0.571,N/A,19.3,0.571,N/A,N/A,N/A,N/A,N/A,0.181,N/A,N/A,N/A,58.5,25.2,2,0.899
39,362,small,api,A1,873,136,1.01E+03,37.6,28.2,22.2,41.4,13.9,12.1,15.4,24.7,17.1,23.2,0.872,1.34,12.1,N/A,0.664,25,0.664,N/A,11.7,11.7,N/A,0.33,0.15,0.715,N/A,0.0916,98.7,39.6,3,1.05
39,363,large,F,C,886,498,1.38E+03,35.2,30.3,33.1,40.1,24.9,12.7,24.5,32.4,15.6,38,0.993,1.16,24.8,N/A,0.434,N/A,N/A,12.8,17.5,N/A,N/A,0.52,0.126,0.339,0.0288,N/A,122,49.2,8,1
39,364,large,iso,C,845,483,1.33E+03,36.7,27.5,51.7,77.5,24.5,13,35.9,14.2,14.9,36.8,1.03,1.34,25.1,N/A,0.451,N/A,N/A,13.5,19.1,N/A,N/A,0.619,0.32,0.901,N/A,0.214,147,47.1,8,0.562
39,365,small,api,A1,844,127,971,35.1,29.7,29.6,45.6,13.3,13,16.7,21.9,15.6,23.3,0.905,1.18,12.1,N/A,0.637,22.4,0.637,N/A,10,10,N/A,0.318,0.145,0.624,N/A,0.107,87.7,37.5,4,0.766
39,366,large,iso,C,785,541,1.33E+03,35.7,26.2,47,69.9,25.5,15,34.5,18.4,13.4,36.7,1.02,1.36,26,N/A,0.308,N/A,N/A,17.5,21.6,N/A,N/A,0.71,0.368,0.861,N/A,0.208,125,47.7,6,0.451
39,367,medium,iso,A1,901,321,1.22E+03,39.4,28,49.6,74.5,18.8,11.4,31.5,14.8,16,32.7,1.08,1.41,20.2,N/A,0.628,24.8,0.628,N/A,10,10,N/A,0.294,0.236,0.834,N/A,0.168,121,41.9,4,0.913
39,368,small,api,A1,1.00E+03,141,1.14E+03,38.3,31,41.8,61.4,14.2,12.2,22.5,19.6,16.1,25.6,0.929,1.23,13.2,N/A,0.621,23.8,0.621,N/A,12.6,12.6,N/A,0.362,0.167,0.611,N/A,0.13,107,35.1,3,1.05
40,369,medium,iso,C,873,407,1.28E+03,37.3,28.4,42.9,63.3,22,13.6,31.7,20.2,15,35.4,1.04,1.31,23,N/A,0.254,N/A,N/A,14.1,24.2,N/A,N/A,0.74,0.275,0.903,N/A,0.196,54,21.7,3,0.369
40,370,small,api,A1,956,229,1.19E+03,37.6,29.8,23.2,43,17.1,12,18.3,28.7,16.8,26.8,0.998,1.26,17,N/A,0.64,24.1,0.64,N/A,13,13,N/A,0.351,0.218,0.725,N/A,0.133,80.5,37.1,2,0.306
40,371,large,iso,C,845,524,1.37E+03,36.1,29.1,31.5,46.6,25,13.5,27.1,30.2,14.8,37.3,1.02,1.24,25.5,N/A,0.334,N/A,N/A,14.2,22.8,N/A,N/A,0.709,0.326,0.899,N/A,0.214,52.4,19.1,1,0.258
40,372,small,api,A1,938,203,1.14E+03,37.9,29.7,45,71.6,18.4,12.8,25.3,15.3,15.7,26.7,0.816,1.28,15,N/A,0.595,22.6,0.595,N/A,11.7,11.7,N/A,0.348,0.185,0.649,N/A,0.0722,97.9,41.4,4,0.635
40,373,medium,iso,A1,777,307,1.08E+03,35,26.4,38.5,62.1,20.3,12.2,26.2,21.1,14.6,29.6,0.949,1.33,19.2,N/A,0.674,23.6,0.674,N/A,11,11,N/A,0.353,0.217,0.919,N/A,0.257,47.7,20.4,1,0.562
40,374,complex,-,-,N/A,N/A,N/A,N/A,N/A,N/A,N/A,N/A,N/A,N/A,N/A,N/A,N/A,N/A,N/A,N/A,N/A,N/A,N/A,N/A,N/A,N/A,N/A,N/A,N/A,N/A,N/A,N/A,N/A,N/A,N/A,N/A,N/A
40,375,medium,api,A1,819,228,1.05E+03,34.1,28.4,40.2,50.2,17.3,12.4,23,22.9,15,29.9,0.997,1.2,17.3,N/A,0.478,16.3,0.478,N/A,16,16,N/A,0.514,0.155,0.877,N/A,0.248,26.9,10.6,1,0.321
40,376,small,api,A1,810,162,972,36.4,28.3,34.3,54.4,14.9,13,19.5,20.7,14.3,24,0.945,1.28,14,N/A,0.611,22.2,0.611,N/A,10.8,10.8,N/A,0.334,0.166,0.584,N/A,0.0345,37,12.5,1,0.547
40,377,no,B,A,712,N/A,712,32,27,N/A,N/A,N/A,N/A,N/A,N/A,N/A,N/A,N/A,1.18,N/A,0.688,N/A,22,0.688,N/A,N/A,N/A,N/A,N/A,0.0871,N/A,N/A,N/A,15.7,7.81,1,0.758
